datetime,count_predicted
2012-05-06 05:00:00,0.0
2011-03-19 19:00:00,87.30700871913865
2012-02-04 06:00:00,51.938405655806804
2012-07-13 20:00:00,277.6439626005704
2011-09-11 19:00:00,281.0745353861542
2012-10-03 00:00:00,0.0
2011-05-19 13:00:00,377.9256979937709
2011-01-05 08:00:00,210.05313481789176
2012-07-07 08:00:00,167.20951624298812
2011-07-05 16:00:00,472.111358868721
2011-09-04 11:00:00,247.61399313320487
2011-06-16 04:00:00,29.20737168288491
2012-07-13 22:00:00,218.53634716388694
2012-02-03 14:00:00,153.31559815265325
2012-05-18 15:00:00,322.12959833058045
2011-12-14 22:00:00,124.62079914513834
2012-02-17 19:00:00,210.95489394599724
2012-04-15 18:00:00,168.76406671413133
2012-06-10 23:00:00,129.96363344522229
2012-07-17 00:00:00,68.97432046769666
2012-09-13 11:00:00,312.8334944352671
2012-01-13 07:00:00,258.08652384375785
2012-11-08 08:00:00,162.1567930248869
2011-09-17 08:00:00,106.86883827996365
2011-04-11 11:00:00,165.69595414960838
2011-01-10 11:00:00,219.59238981569013
2011-03-03 12:00:00,67.48922828126084
2012-05-12 19:00:00,363.31979636382664
2012-06-18 23:00:00,88.64786453313911
2012-09-19 18:00:00,396.0792584532485
2011-08-11 19:00:00,283.30824707099293
2011-02-18 13:00:00,0.0
2011-07-11 10:00:00,146.70645968244787
2011-10-08 14:00:00,241.839716704078
2012-02-05 00:00:00,74.4906066305831
2011-01-14 14:00:00,0.0
2011-07-17 01:00:00,28.557277117158435
2011-07-14 15:00:00,737.4680792529047
2011-04-03 03:00:00,0.0
2012-12-18 15:00:00,418.59162151550106
2012-12-14 10:00:00,140.42578930817984
2011-05-14 03:00:00,0.0
2012-03-19 23:00:00,113.60663616930503
2011-08-01 05:00:00,0.0
2011-08-13 06:00:00,63.58628981130431
2011-04-08 02:00:00,0.0
2012-03-02 05:00:00,0.0
2012-12-16 21:00:00,0.0
2011-04-01 09:00:00,82.31830601222214
2011-06-04 01:00:00,0.0
2012-09-03 11:00:00,98.85264042289646
2012-12-10 20:00:00,282.6922785589805
2011-06-14 20:00:00,184.51767708581707
2012-06-12 02:00:00,0.0
2012-03-12 02:00:00,12.649349520244357
2011-10-07 17:00:00,121.93298011333832
2012-09-01 22:00:00,42.42471176698993
2012-10-01 17:00:00,397.8079724902924
2012-07-08 04:00:00,24.334170733711233
2011-01-17 04:00:00,7.218015524028374
2011-03-05 15:00:00,273.5399588090189
2012-08-04 07:00:00,11.021570154804465
2011-04-07 05:00:00,0.0
2011-01-13 14:00:00,61.38851994548946
2012-08-18 23:00:00,0.0
2012-11-12 00:00:00,0.0
2012-11-03 09:00:00,43.17317629784898
2012-03-18 08:00:00,82.49051343391454
2011-06-12 03:00:00,4.605351694128444
2011-05-11 14:00:00,0.0
2012-10-10 11:00:00,227.6985707681754
2011-02-11 20:00:00,240.9102772530656
2011-07-18 21:00:00,398.874273425003
2011-09-03 15:00:00,0.0
2012-10-12 17:00:00,436.11327041801314
2011-02-01 20:00:00,72.059560604448
2012-01-10 10:00:00,224.74615225404466
2012-07-17 14:00:00,137.74057398518642
2012-07-03 15:00:00,146.57548724132295
2011-09-02 22:00:00,0.0
2011-01-16 01:00:00,0.0
2012-02-19 12:00:00,197.8565693688259
2011-09-02 02:00:00,33.587150860768276
2011-06-09 09:00:00,284.7205020569527
2011-11-06 08:00:00,198.00731835763253
2011-08-02 02:00:00,0.0
2012-08-15 14:00:00,117.0154791220125
2011-05-17 12:00:00,0.0
2012-03-04 18:00:00,615.9966840821959
2011-05-14 07:00:00,8.318634707268416
2011-06-01 08:00:00,141.385132841004
2011-04-05 22:00:00,114.16020302627709
2011-08-14 18:00:00,170.6780466197274
2012-01-12 18:00:00,238.21377007193405
2011-11-01 17:00:00,96.67043282935157
2011-10-02 17:00:00,91.9856008410425
2011-08-02 23:00:00,0.0
2011-03-13 04:00:00,0.0
2012-06-18 15:00:00,180.04838196910248
2012-04-16 18:00:00,398.31219410456185
2011-05-09 10:00:00,312.2227713883665
2012-09-17 05:00:00,37.67278416481605
2011-05-12 19:00:00,365.5089192735436
2011-10-01 01:00:00,12.36864909237471
2012-08-05 08:00:00,148.49429017443646
2011-08-07 16:00:00,205.40580103203388
2012-06-09 07:00:00,134.67017482867908
2012-06-11 17:00:00,461.46368161382145
2012-05-03 20:00:00,0.0
2011-01-10 13:00:00,301.1336766863935
2011-04-17 14:00:00,136.42484014013758
2012-08-18 11:00:00,464.76049446989657
2012-03-09 22:00:00,147.02774659857403
2011-03-13 08:00:00,140.02448769269552
2011-12-05 08:00:00,135.7153235155286
2011-10-10 11:00:00,347.16193418788635
2012-11-04 10:00:00,290.3847065092862
2011-05-15 09:00:00,196.29236176039603
2011-06-10 17:00:00,505.78617394395565
2011-12-06 07:00:00,110.13693992341138
2011-04-15 20:00:00,124.00619604979266
2012-05-04 14:00:00,556.9594504429718
2012-04-13 14:00:00,647.0713095586941
2012-10-05 08:00:00,139.3334315923321
2011-02-02 15:00:00,0.0
2011-09-03 09:00:00,95.2667231135357
2012-05-19 20:00:00,307.92550187072084
2012-11-07 18:00:00,419.14772849604435
2012-04-18 02:00:00,28.96928654183128
2012-09-19 13:00:00,260.7186564603544
2012-04-11 20:00:00,3.524297563672633
2012-12-15 11:00:00,289.46410320484006
2012-08-04 03:00:00,0.0
2011-11-09 00:00:00,82.80233381441701
2012-12-16 11:00:00,343.4697710369383
2012-03-03 15:00:00,115.02640646058984
2011-03-11 12:00:00,219.9146542675794
2012-01-15 01:00:00,0.22897162149004657
2011-07-10 01:00:00,26.97895197854291
2011-07-11 00:00:00,0.0
2011-04-03 18:00:00,191.88408650603202
2012-03-14 12:00:00,189.03669870654437
2012-11-05 04:00:00,99.3730688039144
2012-12-16 07:00:00,228.5812267895517
2011-01-03 11:00:00,269.2688340634236
2012-12-01 05:00:00,11.614804747855146
2011-08-13 21:00:00,78.32292163392128
2012-11-19 01:00:00,11.306078003955236
2012-09-09 12:00:00,159.37795028094052
2011-06-09 16:00:00,55.220321035771576
2012-08-17 14:00:00,230.23608651739085
2011-08-16 07:00:00,143.04947060467032
2011-01-04 06:00:00,0.0
2012-03-06 17:00:00,170.81482979479676
2012-09-01 17:00:00,47.13747311503809
2012-10-18 04:00:00,0.0
2012-02-06 21:00:00,0.0
2011-02-12 17:00:00,291.4977140507274
2012-02-08 14:00:00,228.89677937626982
2011-03-12 05:00:00,0.0
2012-12-10 19:00:00,423.7602497722496
2012-02-05 17:00:00,285.32143117699684
2012-07-11 14:00:00,275.94121138515095
2012-05-04 03:00:00,0.0
2012-03-06 12:00:00,119.87840822756493
2011-01-04 03:00:00,0.0
2011-04-01 05:00:00,32.13885829132488
2012-06-04 03:00:00,89.63863943082407
2012-09-07 18:00:00,413.4837435071735
2012-08-17 22:00:00,127.35807861531111
2012-11-17 14:00:00,435.7697424113302
2012-03-19 21:00:00,255.46161766647566
2012-05-01 15:00:00,166.93605272055436
2011-02-17 03:00:00,0.0
2011-04-13 04:00:00,0.0
2011-11-18 04:00:00,27.133989087986265
2011-12-09 06:00:00,82.17722556628877
2011-12-13 08:00:00,128.5279284575252
2011-06-01 21:00:00,83.63508845650583
2011-11-11 18:00:00,239.5454076529004
2012-08-03 16:00:00,251.07856782143165
2012-05-09 18:00:00,344.46224201552513
2011-09-03 09:00:00,111.70420260256896
2011-02-06 09:00:00,419.96478706746905
2012-03-19 14:00:00,526.6939456155909
2012-10-11 02:00:00,157.7909750552315
2012-12-18 21:00:00,187.76844519553833
2011-02-05 04:00:00,10.801739611792158
2011-08-05 04:00:00,0.0
2012-08-17 01:00:00,0.0
2011-11-14 23:00:00,0.0
2011-11-15 05:00:00,77.87273736846362
2012-09-01 23:00:00,21.394430061084876
2012-10-11 05:00:00,0.0
2011-03-12 14:00:00,270.0771727041396
2011-08-03 14:00:00,342.6961794970581
2012-08-09 15:00:00,79.7954688196429
2012-08-13 09:00:00,399.726984853148
2011-04-05 06:00:00,0.0
2011-03-17 21:00:00,166.83902309844433
2012-01-04 02:00:00,0.0
2012-03-15 17:00:00,338.9841115364139
2012-05-05 10:00:00,104.89707850311225
2012-11-10 14:00:00,175.4092752234585
2012-06-14 05:00:00,61.80000520795011
2011-01-08 05:00:00,23.945024519877506
2011-03-08 03:00:00,41.220377940706726
2011-09-06 06:00:00,172.12140961722594
2011-08-08 17:00:00,707.4711792556926
2011-04-16 22:00:00,0.0
2011-01-13 05:00:00,27.431391678442935
2012-07-04 20:00:00,98.64271022695948
2012-06-08 01:00:00,27.999027236613756
2012-08-07 00:00:00,0.0
2011-04-11 12:00:00,196.96251479133298
2011-08-04 13:00:00,0.0
2011-02-13 17:00:00,95.90306745876336
2011-01-08 07:00:00,285.670774826247
2011-10-06 01:00:00,70.25315161109691
2011-11-03 09:00:00,93.57555506530298
2012-12-06 18:00:00,309.120380595842
2011-05-15 15:00:00,90.28970996348411
2011-01-10 12:00:00,301.6202181266126
2011-08-01 23:00:00,45.07935544538475
2012-12-06 00:00:00,159.2483665045853
2012-07-04 16:00:00,152.54581333644092
2012-01-05 08:00:00,113.2059291383514
2012-09-14 08:00:00,327.8111357561145
2011-01-05 17:00:00,47.34142355982874
2012-04-11 23:00:00,0.0
2012-01-13 09:00:00,82.724967368168
2012-06-01 21:00:00,151.24383597561325
2011-07-15 21:00:00,0.0
2011-05-13 03:00:00,0.0
2012-11-12 23:00:00,86.39526386006867
2012-09-06 16:00:00,89.10365424293673
2012-02-16 22:00:00,57.748478147298385
2011-10-12 16:00:00,244.87247986640352
2012-10-07 16:00:00,757.6967327296462
2011-02-10 03:00:00,102.57752738664715
2011-04-08 03:00:00,0.0
2011-11-07 15:00:00,249.7810548287664
2012-12-04 20:00:00,401.7157648918052
2012-05-01 03:00:00,0.0
2011-10-02 20:00:00,60.25351440759175
2012-06-13 13:00:00,560.1802562091298
2011-03-12 06:00:00,0.0
2011-11-19 07:00:00,356.30869457398114
2011-07-03 06:00:00,49.443956028963896
2012-04-17 08:00:00,177.19823782107733
2012-10-13 17:00:00,415.2771485259684
2012-11-05 04:00:00,0.0
2011-12-02 07:00:00,0.0
2012-09-04 05:00:00,64.57988417059153
2011-10-12 09:00:00,339.06694569757053
2011-06-12 21:00:00,143.87564133766847
2012-12-18 00:00:00,0.0
2011-05-06 05:00:00,7.47645680016393
2011-09-17 11:00:00,341.84895886962977
2012-12-12 05:00:00,0.0
2011-10-12 20:00:00,79.62514361076342
2012-04-13 10:00:00,202.2250793663635
2011-10-19 02:00:00,0.0
2011-02-19 00:00:00,0.0
2012-07-03 04:00:00,0.0
2011-10-14 16:00:00,572.4842691852504
2012-01-17 21:00:00,167.2253165614219
2012-08-13 02:00:00,15.422533105639218
2011-02-19 06:00:00,0.0
2011-03-08 06:00:00,183.90439002025164
2012-04-15 08:00:00,248.5405649974639
2011-08-02 03:00:00,22.673773278529893
2011-01-16 10:00:00,25.673441389498407
2012-12-12 21:00:00,162.24514303745798
2012-02-08 09:00:00,411.02656706927667
2012-12-17 05:00:00,0.0
2011-01-09 02:00:00,9.065600104971566
2012-04-19 00:00:00,0.3291721309371951
2011-02-19 18:00:00,53.13383025819172
2011-05-04 16:00:00,230.93640915784778
2011-08-06 18:00:00,313.2878342331487
2011-10-18 18:00:00,354.81143508143145
2012-02-19 23:00:00,59.64806529003161
2011-09-01 10:00:00,10.239620008729531
2011-02-16 01:00:00,0.0
2012-12-13 00:00:00,82.90057612394946
2012-01-06 16:00:00,474.70911253899806
2011-03-18 07:00:00,115.95470104346339
2012-12-16 04:00:00,145.94687976290493
2012-05-05 00:00:00,0.0
2012-08-16 19:00:00,574.9401861690027
2011-06-08 16:00:00,104.67426401599704
2012-02-04 06:00:00,72.51080733740702
2012-01-13 19:00:00,68.50941287409796
2011-08-05 19:00:00,108.1010668288543
2011-08-08 15:00:00,301.84813302347175
2011-04-11 04:00:00,0.0
2012-01-08 22:00:00,200.4810315234115
2012-02-16 06:00:00,91.23687597641936
2012-01-16 04:00:00,18.905705258437536
2012-01-07 03:00:00,2.772138894648492
2011-06-18 23:00:00,39.25814577355129
2011-10-13 06:00:00,23.809608685988565
2011-02-01 00:00:00,11.095538747220132
2011-05-08 00:00:00,145.2475222226787
2012-03-10 15:00:00,334.3921585973079
2012-09-18 09:00:00,313.25341234245536
2012-09-10 19:00:00,398.84720997621446
2012-04-10 09:00:00,188.2623561541535
2011-10-08 16:00:00,331.4384445178349
2012-07-05 05:00:00,45.937764562765324
2012-04-02 05:00:00,0.0
2012-08-04 04:00:00,0.0
2012-02-07 13:00:00,188.4757917095418
2011-06-12 16:00:00,142.13560243763135
2011-03-10 20:00:00,142.55849535427024
2012-01-03 22:00:00,183.8784083448955
2012-10-05 10:00:00,276.66493839867974
2011-02-09 20:00:00,278.7641065273977
2011-01-09 11:00:00,218.4490112176842
2012-05-02 06:00:00,0.0
2011-07-06 21:00:00,271.3528790108129
2011-05-11 22:00:00,168.97062722807073
2011-07-04 14:00:00,608.9794298067385
2012-05-17 02:00:00,18.496636304740235
2012-07-02 14:00:00,0.0
2012-09-02 00:00:00,5.3754315512901485
2011-12-02 09:00:00,22.76440672500516
2011-02-06 23:00:00,120.4704145368388
2011-09-11 14:00:00,266.09414911650356
2012-12-09 10:00:00,205.11513960181463
2012-12-03 06:00:00,66.44141852489565
2012-10-05 03:00:00,7.308210629141854
2012-01-19 00:00:00,12.571129842895004
2012-10-06 22:00:00,200.88602702888767
2011-04-11 20:00:00,75.79354830113766
2012-04-01 13:00:00,0.0
2011-02-09 05:00:00,35.66985261202325
2011-02-19 16:00:00,225.5478232508105
2012-03-05 18:00:00,381.3286534062074
2012-12-15 23:00:00,86.67804237988264
2012-01-05 10:00:00,168.359979242255
2012-05-06 20:00:00,306.0482593947847
2011-01-01 12:00:00,60.44824974913536
2012-06-14 02:00:00,0.0
2012-01-07 23:00:00,42.50541268016002
2012-11-06 22:00:00,0.0
2012-05-16 18:00:00,624.7893547829228
2011-03-13 00:00:00,6.710720612962575
2012-12-06 00:00:00,62.37667443872033
2012-09-03 14:00:00,371.64693535670824
2011-07-10 00:00:00,0.0
2011-05-10 21:00:00,235.6484057469935
2011-11-02 05:00:00,37.62741530472931
2012-10-13 00:00:00,0.0
2012-07-11 18:00:00,454.02796663376853
2012-02-01 19:00:00,28.532844362086962
2012-03-12 07:00:00,99.69906753841155
2012-05-08 17:00:00,143.43712430055348
2012-03-14 20:00:00,398.73179633441794
2011-06-12 01:00:00,0.0
2011-05-11 16:00:00,311.9900992602993
2012-09-07 11:00:00,217.95858132986137
2011-03-03 18:00:00,152.68554503002343
2011-08-05 14:00:00,0.0
2011-04-09 13:00:00,120.97598932043928
2012-05-06 17:00:00,605.8053257081751
2011-07-11 18:00:00,560.3482204670216
2012-02-03 00:00:00,15.874140858724104
2011-02-10 20:00:00,143.5239320968202
2012-03-13 07:00:00,98.02753358931488
2011-12-06 18:00:00,329.46122743336036
2012-04-13 17:00:00,372.34340271433575
2011-07-14 02:00:00,13.245430332010187
2011-11-12 11:00:00,0.0
2011-04-04 12:00:00,0.0
2012-03-16 07:00:00,116.29644362273854
2012-05-16 17:00:00,377.5541244373509
2012-05-04 11:00:00,19.64775793199658
2012-11-11 00:00:00,94.2284223208409
2011-02-09 03:00:00,0.0
2012-02-05 13:00:00,26.01027051896716
2012-08-06 16:00:00,347.0351864602336
2012-11-11 02:00:00,177.135977770688
2012-02-15 12:00:00,104.14628352304322
2012-04-14 04:00:00,0.0
2011-09-13 23:00:00,0.0
2011-01-03 12:00:00,103.37106012975812
2011-05-17 03:00:00,0.0
2011-09-19 10:00:00,376.6540052594786
2011-05-15 02:00:00,30.971880974159262
2012-02-11 14:00:00,47.03260881341055
2012-06-03 20:00:00,0.0
2012-08-08 14:00:00,114.53034758639421
2012-06-03 17:00:00,362.5577450350071
2011-11-01 09:00:00,80.92081274494387
2011-01-11 08:00:00,147.94995145449946
2012-11-19 03:00:00,0.0
2012-03-14 06:00:00,214.95983140454177
2012-02-02 20:00:00,0.0
2011-03-11 00:00:00,43.35196767142895
2011-09-03 04:00:00,10.671001986164981
2011-09-04 03:00:00,0.0
2012-08-14 06:00:00,42.891639580010064
2012-11-15 00:00:00,0.0
2012-12-13 01:00:00,17.542505835419547
2012-03-09 02:00:00,0.0
2011-01-11 02:00:00,0.0
2011-01-04 05:00:00,0.0
2012-01-01 21:00:00,23.299721512728837
2012-05-16 15:00:00,647.4794900146362
2011-07-15 05:00:00,59.82596532121369
2011-02-12 05:00:00,0.0
2012-02-02 12:00:00,23.974165557240298
2011-11-08 04:00:00,81.86297370446505
2012-11-10 19:00:00,310.30715122516847
2011-06-06 02:00:00,0.0
2011-11-13 01:00:00,59.71903755046782
2011-08-06 12:00:00,0.0
2012-03-07 11:00:00,573.8358610582019
2011-01-17 15:00:00,62.26698005113826
2011-04-16 10:00:00,30.5296585139497
2011-04-15 09:00:00,175.1072512927151
2011-07-05 09:00:00,99.90824833046042
2012-10-12 02:00:00,0.0
2011-09-09 22:00:00,163.73095553564696
2012-01-06 09:00:00,173.29956813506982
2012-05-18 11:00:00,249.72645726081578
2011-05-12 18:00:00,267.6025319518437
2011-09-04 19:00:00,6.904401628600652
2011-05-08 12:00:00,590.9213103483897
2012-08-14 13:00:00,656.0441956833876
2011-06-15 22:00:00,206.7079406194914
2011-08-07 04:00:00,21.787519605181956
2012-10-15 05:00:00,79.23060853616698
2012-01-14 06:00:00,0.0
2012-08-02 23:00:00,118.91869026470829
2012-07-13 15:00:00,333.7599707771941
2012-10-17 07:00:00,124.33619953911182
2012-02-07 03:00:00,17.15025988072273
2012-11-17 08:00:00,206.6919227885087
2011-11-18 08:00:00,130.72312495121446
2012-10-14 02:00:00,127.51808852770466
2011-01-14 07:00:00,82.91606116319969
2012-12-15 10:00:00,198.83952651634922
2011-12-18 01:00:00,67.92119429841287
2011-02-16 05:00:00,15.216793832530016
2011-04-08 08:00:00,168.69840778927755
2011-07-19 19:00:00,490.4062948641604
2012-08-11 00:00:00,0.0
2012-10-13 18:00:00,251.7051699021713
2012-04-05 00:00:00,72.25357369682183
2011-06-16 17:00:00,507.3546895610988
2011-11-10 17:00:00,394.073059493566
2012-12-10 03:00:00,10.915474449506974
2011-11-19 17:00:00,431.1263500262331
2011-07-02 05:00:00,50.176251687992135
2012-05-05 15:00:00,0.0
2012-05-19 07:00:00,225.05018335011857
2012-11-04 06:00:00,63.02060376732874
2012-09-03 17:00:00,241.19436828759575
2012-09-11 21:00:00,0.0
2011-05-06 17:00:00,500.8089174732678
2012-03-15 18:00:00,650.2707731346989
2012-07-07 04:00:00,0.0
2012-03-05 08:00:00,68.74441261166686
2012-11-09 22:00:00,183.0207142346007
2011-03-01 16:00:00,272.9638734211027
2012-12-03 02:00:00,0.0
2011-05-14 23:00:00,0.0
2011-11-05 13:00:00,622.8203141932245
2011-08-10 13:00:00,0.0
2011-09-13 19:00:00,478.44962377016793
2011-11-05 18:00:00,372.50158261770355
2011-12-11 11:00:00,241.90197783222573
2012-02-17 07:00:00,101.93716036841158
2012-12-08 10:00:00,121.32245092298689
2011-09-19 00:00:00,132.16050224885657
2011-12-16 23:00:00,80.58506757426846
2012-09-08 18:00:00,403.5458499917082
2011-08-17 19:00:00,578.8090390318418
2011-02-11 04:00:00,22.8333364813262
2011-01-11 07:00:00,58.33952995017705
2011-08-13 06:00:00,43.923141474624174
2012-02-12 13:00:00,312.6914041826583
2011-01-10 00:00:00,44.42903131818207
2012-09-09 23:00:00,0.0
2011-02-04 20:00:00,43.834774539122435
2011-06-19 07:00:00,69.57996692919738
2011-07-16 15:00:00,510.64697483350005
2012-10-15 03:00:00,22.98454966625377
2011-08-16 17:00:00,401.86970538287835
2011-11-18 22:00:00,82.54683499759176
2012-08-15 19:00:00,531.8088041294532
2012-05-01 09:00:00,189.28710612617164
2011-06-06 09:00:00,387.0289542717213
2011-07-07 15:00:00,702.546731974942
2011-07-16 07:00:00,85.36157512063346
2012-04-11 00:00:00,80.36806636210514
2012-02-08 06:00:00,71.25395990182173
2012-01-01 08:00:00,60.24046039314908
2012-09-11 05:00:00,0.0
2011-04-09 01:00:00,40.86505815345481
2012-01-17 02:00:00,0.0
2012-11-18 02:00:00,0.0
2011-03-05 12:00:00,189.74570899799522
2012-02-03 18:00:00,134.61214753541014
2012-11-09 03:00:00,0.0
2011-06-06 19:00:00,378.08448518999694
2012-06-08 06:00:00,145.30325546700635
2012-04-04 11:00:00,215.88184099737248
2011-03-19 00:00:00,74.47697359007469
2012-01-04 03:00:00,0.0
2011-04-19 01:00:00,24.098047278058203
2011-02-16 15:00:00,190.4028631692085
2012-07-16 22:00:00,209.9130502874848
2012-02-14 04:00:00,20.522858330556744
2012-12-13 03:00:00,20.838433218010152
2011-09-19 22:00:00,253.7692590506549
2011-05-12 07:00:00,118.28798584484281
2012-04-02 18:00:00,0.0
2011-09-02 23:00:00,71.91584657204675
2011-06-06 06:00:00,113.57590303365282
2012-12-04 22:00:00,0.0
2011-07-17 19:00:00,348.93039683018094
2012-03-13 16:00:00,277.4188631980654
2012-06-16 18:00:00,482.47035638353316
2011-04-16 13:00:00,69.26234352404845
2012-11-16 21:00:00,0.0
2012-12-14 03:00:00,17.283071042184474
2012-09-06 13:00:00,494.8467180569677
2011-06-06 15:00:00,717.1297972407575
2012-02-04 21:00:00,236.01597372108426
2011-01-14 20:00:00,0.0
2012-01-15 03:00:00,2.1745687423739355
2012-03-09 08:00:00,275.1711050156199
2011-04-08 09:00:00,171.48596609663468
2012-10-07 00:00:00,155.88220480877203
2011-12-08 10:00:00,257.50820273264304
2011-02-02 15:00:00,0.0
2012-08-04 06:00:00,0.0
2011-02-05 23:00:00,93.49102282323568
2012-06-15 01:00:00,34.73744567743603
2011-09-15 03:00:00,9.501553039377427
2012-08-12 02:00:00,0.0
2011-06-11 14:00:00,18.885495260272023
2012-11-10 23:00:00,106.29151828077522
2012-12-06 17:00:00,247.53762889608828
2011-01-03 20:00:00,0.0
2012-11-02 09:00:00,24.430271324850764
2011-03-12 15:00:00,383.62475427726133
2012-11-10 09:00:00,321.89259735787016
2011-01-03 10:00:00,29.528966909903943
2011-06-10 11:00:00,232.68269945382815
2012-04-16 10:00:00,485.93397142054744
2012-11-06 15:00:00,535.5239395364048
2012-05-03 11:00:00,0.0
2012-08-07 05:00:00,0.0
2011-05-13 00:00:00,126.24190661242443
2011-08-13 01:00:00,0.0
2011-09-06 07:00:00,144.2908834238632
2011-07-11 20:00:00,218.0621006817463
2011-03-19 09:00:00,70.22039741689119
2011-11-14 13:00:00,174.92922396821803
2011-11-12 08:00:00,87.70295098731708
2012-11-18 20:00:00,224.1810629230685
2012-02-13 11:00:00,257.4999355466647
2012-04-18 18:00:00,161.73656084909788
2011-08-08 06:00:00,172.24642789653865
2011-03-07 10:00:00,106.06278490358017
2012-08-18 06:00:00,52.02802257199238
2012-03-13 02:00:00,13.277365794259055
2012-07-08 18:00:00,387.76283515216994
2011-07-02 22:00:00,151.94612426573747
2012-05-06 22:00:00,0.0
2011-12-06 11:00:00,56.57967771960159
2012-01-13 11:00:00,71.95167372082079
2012-08-07 22:00:00,130.96102313061886
2011-09-17 23:00:00,0.0
2012-05-02 04:00:00,0.0
2011-01-05 19:00:00,109.41112474821591
2012-06-10 14:00:00,240.77893945885359
2012-04-09 16:00:00,443.31228401971964
2012-07-11 01:00:00,15.791891952198569
2011-04-16 14:00:00,0.0
2012-07-17 17:00:00,311.52365522284674
2012-10-16 21:00:00,229.954300391973
2011-09-05 15:00:00,305.14233201109596
2011-05-09 09:00:00,277.99831544413064
2012-06-10 12:00:00,0.0
2012-05-14 07:00:00,66.44218121616416
2012-07-08 12:00:00,212.42173246585622
2012-08-06 23:00:00,0.0
2011-07-09 21:00:00,144.6122627149661
2012-09-06 13:00:00,20.808103684255627
2012-06-15 23:00:00,0.0
2012-08-18 19:00:00,181.7297865208584
2012-12-15 08:00:00,113.7174773822187
2012-04-01 14:00:00,162.06865125233276
2012-01-04 07:00:00,7.359349394838091
2011-05-12 08:00:00,142.98278551882458
2011-12-01 08:00:00,82.47429351890861
2012-04-02 19:00:00,0.0
2011-12-03 02:00:00,30.038342664231322
2011-02-09 05:00:00,0.0
2011-06-12 22:00:00,46.38212214796499
2011-08-08 21:00:00,0.0
2011-09-02 20:00:00,109.56503413131907
2012-05-09 03:00:00,0.0
2012-11-15 22:00:00,114.52644105467618
2012-09-05 04:00:00,13.251207401579506
2011-01-03 06:00:00,40.58193312856565
2011-08-02 10:00:00,119.79564160163409
2011-09-02 00:00:00,37.47720387647772
2011-07-05 10:00:00,361.9883921533275
2012-01-11 08:00:00,145.50297000694917
2011-03-19 09:00:00,160.08928699408006
2011-06-02 15:00:00,62.39104690646843
2011-02-16 07:00:00,63.672354855477295
2011-06-10 09:00:00,427.752819897589
2012-08-14 21:00:00,0.0
2011-02-16 12:00:00,0.0
2011-07-05 06:00:00,6.239376893503959
2012-05-08 15:00:00,0.0
2012-07-18 12:00:00,600.2643407474671
2012-04-15 23:00:00,170.1768908898244
2011-09-08 17:00:00,376.09964601849504
2012-09-06 15:00:00,476.71532030225285
2012-11-04 18:00:00,325.63777975568235
2012-09-09 03:00:00,21.362432631623562
2012-10-09 12:00:00,234.08766740534287
2012-09-15 00:00:00,57.175188181975614
2011-11-15 01:00:00,70.19532936537894
2011-02-18 11:00:00,169.6038341472539
2011-04-07 02:00:00,0.0
2011-02-07 02:00:00,58.00973641324356
2011-06-16 01:00:00,0.0
2011-02-11 02:00:00,1.0784963990733445
2012-03-12 05:00:00,0.0
2011-12-12 00:00:00,0.0
2012-04-08 04:00:00,0.0
2012-02-07 02:00:00,87.07176319565389
2012-06-05 23:00:00,0.0
2012-03-05 10:00:00,170.2799296715492
2012-05-03 06:00:00,46.68730499287
2011-01-17 20:00:00,0.0
2011-05-19 15:00:00,172.17947545981474
2011-01-05 13:00:00,95.07258562013033
2011-05-03 00:00:00,0.0
2012-01-18 18:00:00,154.618595963678
2011-09-03 20:00:00,0.0
2012-07-02 18:00:00,381.2713996030071
2012-08-15 01:00:00,31.81912875940901
2012-06-17 13:00:00,488.5125730277184
2012-09-04 16:00:00,337.605023979056
2012-09-15 05:00:00,62.50559717193727
2011-10-05 14:00:00,278.1343192328976
2012-06-13 08:00:00,206.49420918275655
2012-01-17 15:00:00,151.12906790768824
2011-07-06 13:00:00,253.12003306623137
2011-04-16 04:00:00,0.0
2012-11-09 15:00:00,371.88349780979775
2012-02-04 20:00:00,281.8066757075614
2011-09-07 17:00:00,117.64181842976296
2011-07-19 09:00:00,184.66879014429873
2012-06-13 02:00:00,22.0757568747988
2011-04-10 08:00:00,473.5453772044932
2011-09-05 13:00:00,245.2032572606587
2012-11-14 13:00:00,187.34436916109541
2011-04-09 03:00:00,42.97566656840894
2012-08-19 08:00:00,208.47130616161087
2012-10-03 12:00:00,47.10433154390475
2011-07-10 06:00:00,0.0
2011-12-19 10:00:00,142.04792251697415
2011-06-14 21:00:00,254.51541101654573
2012-12-01 12:00:00,0.0
2011-06-04 22:00:00,167.43602892780143
2012-05-19 00:00:00,150.1602280657188
2012-03-07 03:00:00,0.0
2011-03-14 19:00:00,209.83741952909384
2012-07-13 13:00:00,257.66618854266846
2011-03-14 14:00:00,366.33837809556974
2012-02-15 09:00:00,105.61824223860867
2012-02-11 13:00:00,197.51298187163218
2012-08-02 22:00:00,0.0
2011-01-05 18:00:00,174.78474338313038
2011-12-19 20:00:00,133.5259479089367
2011-03-14 09:00:00,189.08664653419424
2011-12-18 03:00:00,51.244903568238726
2012-05-18 00:00:00,186.07693816490837
2011-01-07 16:00:00,532.0893321372272
2012-06-03 06:00:00,52.61008221707999
2012-12-17 22:00:00,103.6555379834565
2012-03-17 21:00:00,96.07376791118338
2011-10-10 19:00:00,316.6045145336732
2012-09-15 04:00:00,66.48261637981881
2012-08-02 03:00:00,37.4232838174953
2012-06-01 15:00:00,150.19108808505405
2012-04-19 08:00:00,160.40666788637373
2012-12-07 04:00:00,0.0
2012-04-19 00:00:00,4.592914568449572
2012-02-04 16:00:00,313.61921721497765
2012-02-16 17:00:00,213.76214595944293
2012-08-19 15:00:00,168.5358056314513
2012-02-05 23:00:00,168.77372021398043
2012-07-03 14:00:00,174.56156385845372
2011-02-17 18:00:00,272.38630558294415
2011-01-05 16:00:00,78.78877856232518
2012-11-02 05:00:00,0.0
2012-07-13 06:00:00,157.99991002298339
2011-09-02 14:00:00,0.0
2012-08-19 02:00:00,73.92917660832592
2012-08-14 07:00:00,136.16868195675676
2011-01-15 00:00:00,0.0
2011-02-07 00:00:00,16.462875322645687
2011-04-04 02:00:00,0.0
2012-01-18 08:00:00,85.12732877665351
2012-11-15 23:00:00,74.86266772622673
2012-07-13 23:00:00,141.5433413087748
2012-07-17 08:00:00,154.38475410265625
2012-08-10 21:00:00,174.37878393405532
2012-05-19 02:00:00,0.0
2012-11-01 22:00:00,126.20364589830399
2011-03-18 10:00:00,365.5347440607651
2011-09-19 08:00:00,182.39399595187132
2012-02-05 20:00:00,231.58042130142917
2011-10-07 00:00:00,132.50341291691774
2012-06-04 11:00:00,437.13513011533996
2012-10-13 16:00:00,308.6427921879391
2011-01-06 19:00:00,325.570615540807
2011-02-11 00:00:00,0.0
2011-12-17 15:00:00,65.011295790188
2011-04-07 21:00:00,281.9934493156401
2012-03-11 01:00:00,0.0
2012-06-12 09:00:00,145.56589108096603
2012-10-13 10:00:00,214.59523757631905
2011-02-18 21:00:00,93.47597870063834
2012-08-04 21:00:00,0.0
2012-10-16 00:00:00,25.71937781081442
2011-10-13 09:00:00,33.75481012302646
2012-04-10 11:00:00,421.56399978489674
2012-09-12 10:00:00,240.24686709754633
2012-08-18 13:00:00,0.0
2011-02-13 04:00:00,0.0
2011-03-08 12:00:00,188.66699035533549
2012-08-02 09:00:00,90.87515076879373
2012-08-08 17:00:00,386.38402660748807
2011-10-15 06:00:00,159.90220316824337
2011-04-06 07:00:00,40.866966235602774
2011-07-06 05:00:00,70.37911088491418
2011-04-07 10:00:00,97.42291003082278
2012-06-01 00:00:00,3.3999688532084065
2011-11-19 03:00:00,0.0
2011-08-04 09:00:00,106.39822039474979
2012-07-10 06:00:00,73.351832861003
2012-07-05 02:00:00,0.0
2012-03-06 20:00:00,135.80467595989245
2011-02-02 21:00:00,90.23834362557767
2012-05-17 22:00:00,334.21119600595324
2012-03-14 22:00:00,160.03071695666677
2011-02-09 11:00:00,181.22567808211477
2011-10-17 08:00:00,450.1843059417615
2011-09-17 18:00:00,143.9013777022558
2012-06-12 11:00:00,144.71667820836126
2012-04-17 20:00:00,312.55536425098137
2012-05-06 04:00:00,12.999706522830138
2011-06-01 16:00:00,114.07641602984609
2012-09-15 02:00:00,27.669955160057384
2012-12-01 01:00:00,4.599531026858813
2011-11-14 12:00:00,219.70813082062182
2012-09-13 21:00:00,267.5451910682878
2012-12-02 02:00:00,66.50915100317104
2012-09-17 15:00:00,267.7799445216151
2011-10-05 08:00:00,170.69726871307142
2011-11-10 07:00:00,140.47697414827792
2012-01-12 08:00:00,285.1961621012091
2012-07-16 06:00:00,87.89718047529834
2012-01-16 14:00:00,131.655833692398
2012-12-11 11:00:00,344.92759189745175
2011-12-17 14:00:00,229.480973683613
2011-06-16 10:00:00,203.39376654961706
2011-02-09 23:00:00,0.0
2012-05-08 11:00:00,66.12566379295819
2012-02-15 06:00:00,101.20802500873208
2012-05-07 22:00:00,0.0
2011-02-06 11:00:00,177.4583851535213
2011-12-16 21:00:00,0.0
2011-04-10 13:00:00,43.98974233498666
2011-09-02 13:00:00,38.13494145406935
2011-02-01 12:00:00,43.696880804116546
2011-03-19 01:00:00,1.739855828562611
2012-06-11 16:00:00,310.6833745652782
2012-04-05 10:00:00,193.2977352507611
2011-05-09 17:00:00,250.35918849039012
2011-10-06 12:00:00,606.83913356451
2012-12-11 23:00:00,93.14482435369416
2012-05-03 19:00:00,143.16424845162442
2011-04-05 03:00:00,0.0
2011-09-08 12:00:00,160.61977968998872
2011-07-06 06:00:00,105.85996057727004
2012-08-05 03:00:00,9.11944006622798
2012-10-19 20:00:00,279.99677987351896
2011-09-11 09:00:00,336.3960920384865
2012-03-19 03:00:00,61.387239634319826
2012-01-11 06:00:00,5.368937886968467
2011-08-07 14:00:00,68.80283164874783
2012-07-08 13:00:00,7.777509594371509
2012-05-12 13:00:00,442.66679007563675
2012-09-02 21:00:00,104.49031748209666
2011-02-05 15:00:00,591.1050422976563
2012-05-08 04:00:00,19.972158608465918
2012-12-18 15:00:00,271.77174638576673
2011-04-15 14:00:00,273.16005692406236
2012-02-19 14:00:00,39.935612242278154
2012-07-18 09:00:00,143.31082093909203
2012-11-07 20:00:00,260.85190616500506
2012-11-19 02:00:00,2.721971691244846
2012-01-01 02:00:00,0.0
2011-09-04 04:00:00,0.0
2012-01-03 15:00:00,196.5717462762184
2012-05-16 05:00:00,40.940870258104525
2011-06-12 14:00:00,73.094078935082
2011-02-14 05:00:00,10.21507989665892
2011-11-05 07:00:00,120.96192313999757
2011-12-13 22:00:00,118.86581847133516
2011-10-02 23:00:00,20.25283052641163
2012-01-09 12:00:00,114.24634762752032
2011-12-18 14:00:00,257.5979585919362
2011-12-19 11:00:00,114.84914012276874
2012-06-14 03:00:00,57.16373528588912
2011-03-07 06:00:00,39.621096498908344
2011-03-02 09:00:00,154.57758518014793
2011-06-19 22:00:00,69.06523037095673
2012-10-12 17:00:00,291.1924744846119
2012-09-08 14:00:00,212.65778568029816
2012-08-13 13:00:00,26.64131466302001
2011-12-03 19:00:00,78.35719501020873
2011-09-19 18:00:00,543.5740338148071
2012-12-09 11:00:00,226.54779392141626
2012-10-14 22:00:00,135.49758161412717
2012-10-03 20:00:00,23.600625555448147
2011-02-17 20:00:00,232.9911967459737
2012-08-07 16:00:00,140.528794044859
2012-11-07 01:00:00,0.0
2012-05-15 14:00:00,235.3240299224775
2012-09-07 19:00:00,391.3649209917064
2011-11-17 09:00:00,158.59659216340867
2012-03-13 03:00:00,15.398389638833919
2012-10-19 02:00:00,18.39027794827001
2011-07-02 09:00:00,133.63865745496662
2012-07-15 17:00:00,143.66390872027108
2011-04-07 21:00:00,387.1688052744802
2012-08-18 10:00:00,121.90867531782192
2011-03-15 23:00:00,34.377917653298766
2011-08-11 08:00:00,147.16986677299354
2011-01-01 18:00:00,75.08081140646058
2012-01-19 02:00:00,0.0
2011-07-14 22:00:00,214.65719165693628
2012-02-08 18:00:00,615.4004963827532
2011-06-06 11:00:00,213.3736387653563
2011-02-05 04:00:00,13.97787285628965
2011-01-02 10:00:00,114.23964630666762
2011-02-07 01:00:00,4.427123452293216
2011-08-12 19:00:00,55.770697580796764
2011-09-17 22:00:00,75.89016152000704
2011-11-05 17:00:00,368.93399474764044
2011-07-12 04:00:00,0.0
2011-12-16 01:00:00,32.74096730558887
2011-10-06 02:00:00,74.1984567742168
2011-04-12 14:00:00,1.9649046439738527
2012-04-19 04:00:00,5.019158380495526
2012-11-10 17:00:00,368.7028319453565
2011-04-15 22:00:00,66.06874018696041
2012-10-06 00:00:00,0.0
2011-01-08 20:00:00,339.86253160504066
2012-03-02 20:00:00,0.0
2011-11-07 12:00:00,558.6264362062223
2011-08-16 20:00:00,348.7848364433793
2011-02-04 04:00:00,0.0
2012-09-01 13:00:00,0.0
2012-04-18 15:00:00,68.4741406986567
2011-03-13 07:00:00,21.035827685205902
2011-11-10 05:00:00,65.43115957628635
2011-04-08 18:00:00,583.7851239462476
2011-03-10 22:00:00,0.0
2012-02-17 04:00:00,15.164443803516974
2011-06-11 17:00:00,311.9083132592218
2011-12-08 22:00:00,221.69383925805084
2011-10-09 20:00:00,152.19198547578458
2012-02-12 01:00:00,144.91926399180642
2012-09-08 12:00:00,178.4259569063206
2012-10-10 07:00:00,144.0141122211918
2011-11-18 03:00:00,0.0
2012-11-12 14:00:00,52.48907743351674
2012-07-02 17:00:00,250.61175164187068
2012-09-08 04:00:00,0.0
2011-11-07 00:00:00,78.86855728064097
2012-07-08 11:00:00,491.26815520457205
2012-02-01 18:00:00,130.3023584997058
2012-01-18 03:00:00,0.0
2011-08-09 10:00:00,265.7029059496657
2012-07-14 20:00:00,127.43559634018129
2012-12-01 10:00:00,155.64786489399626
2011-05-09 19:00:00,128.80158993075287
2011-07-11 09:00:00,135.9431742535918
2011-06-12 01:00:00,0.0
2012-06-06 22:00:00,0.0
2011-12-03 14:00:00,59.42431711440369
2012-08-17 00:00:00,0.0
2012-01-07 01:00:00,4.295883523613952
2012-09-01 22:00:00,0.0
2011-01-02 23:00:00,43.57071149902407
2012-03-14 13:00:00,0.0
2012-11-05 18:00:00,390.05583633316246
2012-11-11 07:00:00,68.11302507572606
2011-11-15 07:00:00,155.69151091734614
2011-04-07 15:00:00,425.7152034040663
2012-12-09 19:00:00,384.74853028562575
2011-09-12 05:00:00,0.0
2011-10-18 09:00:00,192.93518154454318
2011-02-07 23:00:00,36.14959042885857
2011-04-01 21:00:00,125.87569444465123
2011-05-09 18:00:00,197.8336675179886
2011-03-07 23:00:00,74.14839489212784
2011-04-13 05:00:00,0.0
2011-01-15 12:00:00,0.0
2011-09-13 07:00:00,397.19700479566905
2012-10-19 04:00:00,43.25338166761037
2012-11-18 11:00:00,266.29513681278854
2011-07-01 08:00:00,264.0581443660643
2012-07-17 19:00:00,344.7782258091355
2012-12-12 12:00:00,286.90216960365984
2012-11-15 19:00:00,341.57490707940565
2011-12-19 16:00:00,288.5292493426813
2011-12-12 20:00:00,206.77904831105673
2011-05-06 13:00:00,0.0
2012-02-09 15:00:00,0.0
2011-12-06 12:00:00,0.0
2012-02-09 07:00:00,104.701742165096
2011-08-17 06:00:00,90.14223204004992
2011-08-19 04:00:00,0.0
2012-03-01 19:00:00,142.81130576352285
2011-07-09 08:00:00,85.40354272866443
2011-09-16 21:00:00,193.5543935235163
2012-01-01 04:00:00,0.0
2012-06-09 01:00:00,25.4121972143966
2011-02-15 12:00:00,0.0
2012-03-11 16:00:00,270.83820369289333
2012-02-14 19:00:00,249.93349741251052
2011-04-19 06:00:00,66.96533514646791
2012-01-12 13:00:00,341.7111144969821
2012-03-04 03:00:00,98.17110160310233
2012-06-17 19:00:00,283.46817327343297
2011-12-01 14:00:00,0.0
2012-12-14 01:00:00,17.698093670126184
2011-10-08 00:00:00,61.37956167648224
2012-11-16 08:00:00,259.0379712549377
2012-10-01 22:00:00,71.00139315143204
2011-01-04 17:00:00,233.76111868565482
2012-06-14 20:00:00,186.91833259204566
2012-06-01 17:00:00,436.39796522447193
2011-05-18 22:00:00,0.0
2012-02-03 19:00:00,133.6763093885113
2011-12-12 15:00:00,159.82067374363896
2012-11-05 06:00:00,144.26351700776843
2012-07-07 05:00:00,0.0
2011-06-03 01:00:00,0.0
2011-01-02 15:00:00,48.0025514071217
2012-06-04 10:00:00,169.00822976725152
2012-05-09 16:00:00,593.643064727388
2011-07-12 22:00:00,57.74731970557207
2011-01-11 00:00:00,0.0
2012-11-16 08:00:00,137.90580278833824
2011-11-14 07:00:00,417.176892939877
2011-09-14 10:00:00,398.7009745595366
2011-09-11 07:00:00,113.20043444754384
2011-02-12 22:00:00,116.97342700455306
2011-06-02 07:00:00,6.100564347381351
2012-10-09 01:00:00,41.13217738595716
2011-05-09 00:00:00,180.94862634134608
2011-07-07 08:00:00,168.20867296218097
2011-01-12 05:00:00,0.0
2012-08-02 07:00:00,125.75156388284199
2012-01-09 05:00:00,12.850440161893573
2012-09-11 22:00:00,0.0
2011-04-19 14:00:00,189.971735816901
2011-09-04 15:00:00,16.1319128358561
2012-08-01 13:00:00,344.9717590745911
2011-10-13 21:00:00,258.5569565321481
2011-10-18 07:00:00,144.92906647190887
2011-03-17 05:00:00,50.434816686974784
2011-01-12 09:00:00,155.30448315818444
2011-09-02 13:00:00,39.99544524380656
2011-01-11 13:00:00,17.877360894156595
2012-02-19 06:00:00,0.0
2011-04-04 20:00:00,373.4863143201644
2011-09-07 08:00:00,196.89457024553553
2012-06-07 01:00:00,112.5141874136479
2012-08-09 09:00:00,132.46110093100668
2012-01-18 14:00:00,99.3168065957235
2012-10-01 02:00:00,0.0
2011-06-15 10:00:00,506.8370563953579
2012-07-09 06:00:00,91.93044735319972
2011-10-09 10:00:00,347.1767084113284
2011-12-17 20:00:00,117.91023686182507
2011-11-15 20:00:00,205.01853498986247
2012-08-03 11:00:00,0.0
2011-04-09 06:00:00,103.83315860457003
2012-10-16 15:00:00,310.7329287943061
2011-01-07 01:00:00,0.0
2012-03-11 12:00:00,0.0
2012-04-15 17:00:00,506.3520223996936
2012-09-10 11:00:00,280.9369428488121
2012-04-03 18:00:00,255.5635325031909
2012-01-12 03:00:00,125.1521495398132
2011-06-10 17:00:00,493.44149019191786
2012-03-19 04:00:00,108.43978633146912
2011-11-19 12:00:00,0.0
2012-08-14 18:00:00,385.2192505346335
2012-02-02 23:00:00,0.0
2012-06-13 20:00:00,316.20580538873696
2012-11-19 16:00:00,339.8922111629096
2011-10-16 12:00:00,207.05975490586331
2012-09-03 08:00:00,98.10419239638725
2011-01-07 18:00:00,668.3446183157104
2012-07-08 05:00:00,40.06081976951825
2011-06-14 17:00:00,619.3117569005416
2011-02-16 12:00:00,359.50317114855693
2012-09-17 17:00:00,339.81899425525614
2011-08-19 19:00:00,258.9287038734181
2012-10-16 19:00:00,344.13240511006614
2012-03-12 04:00:00,31.296139482135942
2011-08-09 20:00:00,277.5564634316847
2012-02-04 20:00:00,263.976636329848
2012-10-18 22:00:00,137.38627622671805
2011-05-18 16:00:00,247.67179310202283
2011-06-13 20:00:00,331.79937236703995
2011-10-10 05:00:00,0.0
2011-06-12 00:00:00,33.06440633993935
2011-10-15 03:00:00,59.15292959914859
2012-12-08 22:00:00,211.63776288091827
2012-05-11 09:00:00,158.41666615945564
2011-04-08 11:00:00,202.33467203549702
2012-05-16 10:00:00,227.05734181329706
2012-04-14 11:00:00,31.038822449131032
2012-07-13 23:00:00,142.7395604413104
2012-04-10 10:00:00,287.56130781226494
2012-07-10 18:00:00,184.6903560877734
2011-03-16 13:00:00,0.0
2011-08-17 18:00:00,624.1909804301346
2011-06-18 04:00:00,6.557831205336413
2012-01-06 20:00:00,0.0
2011-05-08 06:00:00,88.71521043312248
2011-10-16 02:00:00,52.92248100412914
2012-03-09 17:00:00,431.8832261164637
2011-10-18 16:00:00,354.975304058839
2011-07-13 13:00:00,216.19029894852906
2012-11-01 05:00:00,22.447795089144165
2011-06-12 04:00:00,0.0
2011-10-02 16:00:00,101.39197101485422
2011-07-19 04:00:00,27.009465333875596
2011-04-02 08:00:00,93.36486844095674
2012-04-14 01:00:00,0.0
2011-03-16 11:00:00,119.49770193373092
2011-06-08 19:00:00,99.84390011215254
2012-05-12 09:00:00,191.15499437230153
2011-03-05 00:00:00,41.596077356613904
2012-12-13 21:00:00,141.41926609711527
2011-03-04 20:00:00,0.0
2012-12-19 17:00:00,296.21395385482765
2011-07-13 04:00:00,0.0
2011-10-01 09:00:00,83.3051758858222
2012-05-19 04:00:00,0.0
2011-09-11 06:00:00,178.77438092182132
2012-12-10 16:00:00,310.674517750958
2011-05-03 04:00:00,0.0
2011-05-03 02:00:00,30.856437956536297
2011-09-02 11:00:00,176.36263251683272
2012-05-03 09:00:00,176.67309967469362
2012-03-02 00:00:00,0.0
2011-08-08 23:00:00,236.06042212641
2012-04-14 15:00:00,11.095876985227278
2012-07-01 17:00:00,121.76538254531158
2011-06-03 06:00:00,80.30503920146305
2012-04-08 21:00:00,59.11345404039207
2011-07-07 16:00:00,333.5922699542899
2012-10-07 10:00:00,440.1564978209341
2011-04-13 12:00:00,29.497070712818925
2011-04-03 14:00:00,127.35589763131611
2012-10-15 19:00:00,225.22747186572246
2011-10-07 02:00:00,0.0
2011-08-03 13:00:00,0.0
2012-10-04 11:00:00,292.64467131385805
2011-06-09 17:00:00,344.33865670631764
2011-09-01 09:00:00,17.1633684696437
2011-08-15 14:00:00,614.3781161767877
2011-01-03 08:00:00,74.04369602903034
2011-11-01 19:00:00,61.838078121704484
2011-09-18 00:00:00,37.046402543584975
2011-08-11 12:00:00,226.06134457753512
2011-03-10 09:00:00,166.39585383080362
2011-06-12 13:00:00,64.50301669967382
2011-02-18 04:00:00,13.902895514188032
2011-10-13 14:00:00,218.87805325187503
2012-09-17 02:00:00,0.0
2012-04-15 11:00:00,120.42209132907362
2011-02-03 08:00:00,100.44846185621145
2011-10-15 10:00:00,125.57891764232681
2012-04-08 05:00:00,0.0
2011-06-09 15:00:00,63.34663203036558
2012-12-03 09:00:00,151.52553628874932
2012-11-06 14:00:00,248.08664975040404
2011-10-19 00:00:00,58.5728995890845
2012-08-11 19:00:00,257.43656608793503
2011-01-07 05:00:00,0.0
2012-11-17 10:00:00,146.29581288034785
2011-05-16 02:00:00,6.236197398931239
2012-10-08 12:00:00,481.47737890889414
2012-06-19 18:00:00,382.5234440852272
2011-05-09 03:00:00,45.53118441548213
2011-12-14 04:00:00,0.0
2012-02-08 08:00:00,251.4941026499759
2012-05-03 10:00:00,95.15873479299148
2012-04-01 18:00:00,104.42123311068667
2012-07-17 11:00:00,185.32274926618805
2011-05-08 10:00:00,192.3372898895334
2011-12-12 16:00:00,231.39040767866913
2012-01-16 06:00:00,0.0
2012-03-02 23:00:00,29.79879440360014
2011-03-05 02:00:00,5.998272474311307
2011-04-06 21:00:00,0.0
2011-10-19 18:00:00,174.67115933974395
2012-08-16 10:00:00,202.7338465251251
2011-01-01 14:00:00,54.87559509867674
2011-12-14 03:00:00,0.17883670963772147
2012-01-17 18:00:00,250.04180666245725
2012-11-19 20:00:00,226.290508695134
2011-10-19 16:00:00,215.45053845813885
2012-04-16 00:00:00,143.99361458076845
2012-06-06 12:00:00,257.74909072990965
2011-11-11 13:00:00,421.16630897483594
2011-11-03 05:00:00,0.0
2011-10-04 07:00:00,0.0
2012-08-08 21:00:00,277.23154150851894
2011-05-03 18:00:00,79.96065021709137
2011-05-11 06:00:00,101.96338561511982
2011-07-16 20:00:00,148.24603769744277
2012-12-13 00:00:00,41.842664358983484
2012-04-01 09:00:00,112.0700456538699
2011-08-18 11:00:00,187.08704358486057
2012-11-15 22:00:00,115.71090494044256
2012-11-13 14:00:00,341.83641260811305
2011-09-12 21:00:00,0.0
2012-06-04 03:00:00,0.0
2012-10-08 16:00:00,339.1459278529859
2011-09-17 04:00:00,9.23248961178399
2011-11-16 21:00:00,109.12048336213672
2011-12-06 19:00:00,289.38602487611956
2011-01-12 07:00:00,114.49252119952212
2011-07-16 09:00:00,314.19719899135805
2011-04-09 23:00:00,59.200486061105295
2011-08-19 12:00:00,219.8374246665428
2012-10-15 23:00:00,103.01213095696357
2012-05-07 17:00:00,827.1123923136021
2011-08-15 09:00:00,238.98038466241098
2011-01-14 22:00:00,19.85617696319042
2012-12-15 16:00:00,368.94986973156654
2011-01-04 04:00:00,0.0
2012-08-14 02:00:00,10.605095923038334
2012-11-04 01:00:00,37.94048323853647
2012-11-06 08:00:00,467.97532095351767
2011-03-14 07:00:00,118.81272089897323
2012-06-17 22:00:00,0.0
2011-09-16 02:00:00,22.60797451531809
2011-08-08 19:00:00,559.0765235649054
2012-05-19 21:00:00,0.0
2012-05-18 12:00:00,236.11219213360613
2012-06-08 22:00:00,0.0
2012-09-19 17:00:00,398.11042874479074
2012-04-18 07:00:00,144.6807759470404
2012-02-18 00:00:00,0.0
2011-02-14 19:00:00,264.63541238413893
2012-08-17 15:00:00,710.9579820940975
2011-11-03 16:00:00,279.3025269595653
2011-05-17 22:00:00,105.62898480189767
2011-04-13 06:00:00,0.0
2011-10-17 10:00:00,319.8838029279782
2012-09-07 10:00:00,164.05551579009375
2012-10-10 20:00:00,259.26298819098577
2012-05-08 22:00:00,90.86126610461002
2011-06-18 22:00:00,66.8064595810915
2012-09-06 11:00:00,78.43754702390942
2011-09-03 12:00:00,65.72381674096823
2012-12-04 19:00:00,459.7222840974081
2011-10-10 20:00:00,238.69412397537076
2011-03-19 13:00:00,93.94346144611413
2011-11-09 15:00:00,251.27848748192048
2012-06-13 15:00:00,301.98762844381315
2012-08-03 20:00:00,59.58545505858956
2011-12-01 23:00:00,94.95705417376598
2011-12-13 03:00:00,0.0
2011-05-08 10:00:00,201.40866323554144
2011-08-05 23:00:00,0.0
2011-08-12 04:00:00,4.8939988049304475
2012-07-13 17:00:00,692.0096671557969
2011-09-10 07:00:00,260.496259056918
2012-10-17 00:00:00,42.978548328887314
2012-05-07 11:00:00,529.9919174252492
2011-07-09 11:00:00,0.0
2011-10-02 01:00:00,0.0
2012-04-05 16:00:00,689.0289363993585
2011-09-19 23:00:00,99.31182392327429
2011-12-16 10:00:00,242.90203883415052
2011-06-14 07:00:00,359.8189844394716
2011-06-11 09:00:00,262.7751189377653
2012-01-18 17:00:00,158.2449594359008
2012-09-12 19:00:00,153.26390813803414
2011-11-15 18:00:00,313.0298028204976
2011-01-10 12:00:00,334.1800311200386
2011-10-06 20:00:00,332.00526500891385
2011-01-08 09:00:00,139.5658962047096
2012-08-07 06:00:00,0.0
2012-08-10 18:00:00,336.4024936752377
2011-06-14 23:00:00,228.2199670295895
2011-01-06 00:00:00,0.0
2012-02-08 20:00:00,456.5226634360937
2011-08-08 09:00:00,182.0149034924333
2012-07-06 12:00:00,245.69164878515994
2012-08-09 22:00:00,55.113967291124425
2011-12-16 15:00:00,237.77035336796325
2011-09-10 08:00:00,162.4282894167451
2012-08-19 11:00:00,303.51207416429935
2011-04-13 17:00:00,227.611107360532
2012-11-03 13:00:00,345.19907788526916
2012-09-18 02:00:00,0.0
2012-05-11 11:00:00,49.59128197345126
2011-05-17 15:00:00,459.7498562472887
2011-11-06 10:00:00,86.13043279970577
2012-06-18 17:00:00,480.7023468954567
2012-06-13 07:00:00,149.7870274769292
2011-04-05 18:00:00,347.96176912941263
2012-07-14 22:00:00,90.75026196111651
2012-07-08 09:00:00,191.3408745998933
2012-03-12 20:00:00,232.2274655263463
2011-07-17 09:00:00,146.26611633029916
2012-05-01 10:00:00,88.93862971472458
2011-01-09 01:00:00,88.62832319545481
2011-03-08 02:00:00,43.880918955768436
2012-02-05 07:00:00,316.4981923074124
2011-07-02 13:00:00,109.99814470847491
2012-10-02 05:00:00,28.063869495690085
2012-06-07 02:00:00,0.0
2012-04-17 17:00:00,610.8015622032636
2011-06-10 06:00:00,97.51974327359778
2012-01-07 14:00:00,0.0
2012-04-09 23:00:00,128.49212839645918
2012-02-15 15:00:00,427.0918292846011
2012-07-09 00:00:00,60.07330977367275
2011-07-13 10:00:00,161.2569030138552
2011-10-06 21:00:00,416.6512620375544
2012-01-19 19:00:00,184.56957983681116
2011-08-05 16:00:00,457.92024522454824
2011-12-19 18:00:00,506.89732573976505
2011-08-13 19:00:00,133.82286196228017
2011-10-05 22:00:00,176.71111440913495
2012-08-14 16:00:00,757.177691010999
2012-04-09 06:00:00,94.01836756263998
2011-01-08 21:00:00,266.0326461276802
2012-03-12 00:00:00,31.920983550166454
2011-10-18 14:00:00,583.0090886922801
2012-09-19 21:00:00,226.11541210720628
2012-10-01 13:00:00,141.15993662715925
2012-12-17 23:00:00,0.0
2012-01-19 22:00:00,67.66787538136703
2011-04-15 21:00:00,20.212944649728286
2012-11-14 18:00:00,240.5489854335098
2012-08-19 06:00:00,57.72975053686969
2012-05-19 16:00:00,152.62160840985496
2012-05-03 05:00:00,0.0
2011-01-18 13:00:00,0.0
2012-01-02 06:00:00,1.5076841531736704
2012-03-12 16:00:00,358.5831077085735
2012-06-16 11:00:00,121.37147921362748
2012-12-02 15:00:00,12.89712472617174
2012-06-09 06:00:00,96.38212860596457
2012-03-08 05:00:00,58.59101823875716
2012-06-07 15:00:00,226.19584337754316
2011-07-11 08:00:00,128.13424790509424
2012-04-06 14:00:00,254.52395908345864
2012-11-18 08:00:00,449.294328277664
2012-02-10 18:00:00,247.6552931021514
2011-07-15 20:00:00,245.58418274783094
2012-07-09 17:00:00,757.0525902153689
2011-01-11 21:00:00,152.72369002264315
2012-03-09 13:00:00,723.4618236057241
2012-12-03 01:00:00,0.0
2012-10-17 13:00:00,254.87808499153732
2011-07-15 00:00:00,0.0
2012-09-04 22:00:00,0.0
2011-10-06 07:00:00,380.7092362809216
2012-02-15 20:00:00,261.99454847805214
2012-10-15 20:00:00,243.93094647856094
2011-08-08 16:00:00,332.02468121050526
2012-03-09 01:00:00,45.566219002993535
2012-01-12 15:00:00,303.1975907922164
2011-08-08 07:00:00,134.70091748977575
2012-06-10 07:00:00,235.78641238772263
2011-02-17 04:00:00,0.0
2012-07-11 06:00:00,90.20356131099834
2011-09-06 06:00:00,104.04930069310677
2012-07-12 17:00:00,246.3923830431479
2011-08-18 00:00:00,83.24440545144097
2011-09-18 02:00:00,24.801955464297407
2011-04-19 15:00:00,216.18358648774188
2012-03-10 06:00:00,171.40065534170049
2011-07-01 14:00:00,201.41620663519876
2011-11-08 14:00:00,739.5095114693396
2012-10-09 10:00:00,217.60517518406562
2011-04-02 19:00:00,180.81661176512716
2012-10-12 21:00:00,96.0195475458047
2011-02-07 03:00:00,28.776678198839704
2012-05-18 21:00:00,0.0
2011-02-07 16:00:00,45.832324761397786
2012-06-16 07:00:00,51.339180115092574
2011-05-02 19:00:00,0.0
2012-02-11 08:00:00,456.3199904606281
2012-07-19 15:00:00,688.7575818103145
2012-11-07 13:00:00,254.1890471438541
2012-09-01 22:00:00,43.406497922445595
2012-02-02 00:00:00,0.0
2012-11-04 09:00:00,146.33253691110167
2012-04-19 03:00:00,0.0
2012-06-04 20:00:00,281.0054817683924
2011-07-03 04:00:00,17.145546047006405
2011-06-03 06:00:00,0.0
2012-02-15 21:00:00,128.18281353871674
2012-07-06 07:00:00,122.27510140706192
2011-02-08 16:00:00,437.8513922323997
2012-04-14 06:00:00,0.0
2011-10-14 15:00:00,584.6255299857079
2011-03-02 08:00:00,76.965213426128
2011-12-17 02:00:00,0.0
2012-09-03 10:00:00,10.167550122037198
2012-06-08 13:00:00,214.17090955692265
2012-07-05 06:00:00,80.72396623350966
2011-03-02 14:00:00,64.78133500482585
2012-01-01 10:00:00,199.53345594698175
2011-09-06 22:00:00,190.0390769909592
2012-12-08 11:00:00,478.02506285266475
2011-03-17 01:00:00,2.44618884935943
2011-03-15 10:00:00,105.07319311374886
2012-07-07 10:00:00,0.0
2011-06-10 08:00:00,490.22266312398153
2011-03-14 10:00:00,122.95790234948754
2012-03-15 23:00:00,104.66616086330083
2011-12-07 09:00:00,179.4868817775943
2011-08-12 18:00:00,254.76014725651214
2012-05-10 05:00:00,75.55958174141313
2012-05-15 23:00:00,52.19911363126971
2011-03-06 14:00:00,693.6820172880699
2012-01-15 16:00:00,17.430669137352083
2012-02-02 04:00:00,0.0
2011-08-14 17:00:00,163.09012321541235
2012-05-05 12:00:00,475.24845398573405
2012-12-02 16:00:00,0.0
2011-03-07 04:00:00,0.0
2011-06-06 16:00:00,357.7790801218953
2011-11-19 06:00:00,97.15657892168849
2012-02-13 05:00:00,44.40656199867024
2012-08-10 10:00:00,170.08415979746633
2012-05-11 05:00:00,0.0
2011-06-18 20:00:00,253.2333299497907
2011-08-01 18:00:00,0.0
2012-04-17 11:00:00,212.8570576492042
2011-07-14 00:00:00,161.5191862756949
2012-04-11 08:00:00,173.19481122067987
2012-04-11 18:00:00,245.09432280243163
2012-03-01 07:00:00,56.95921624257676
2012-02-11 19:00:00,271.35411569748953
2012-08-03 04:00:00,18.850852638834
2012-02-05 16:00:00,290.0529130291754
2012-05-13 04:00:00,33.68659063141189
2012-09-14 01:00:00,30.37900743112931
2011-03-02 19:00:00,65.91858030491767
2012-11-08 09:00:00,125.29429262051696
2011-09-01 07:00:00,0.0
2011-12-01 05:00:00,0.0
2012-05-17 14:00:00,280.68327250460027
2011-08-17 07:00:00,139.82819536966406
2012-01-19 16:00:00,113.4037379976138
2012-11-16 00:00:00,39.76498796203168
2012-01-12 09:00:00,158.7996641587368
2012-10-05 09:00:00,355.486253000676
2012-05-15 21:00:00,202.37854159973108
2012-04-11 11:00:00,224.71590791195683
2011-10-14 03:00:00,0.0
2012-09-07 05:00:00,0.0
2011-02-06 17:00:00,643.8197941029674
2011-06-07 14:00:00,214.6920742235135
2012-10-15 04:00:00,16.32175572137237
2011-12-08 11:00:00,642.8040673986077
2011-04-17 16:00:00,160.4836826844737
2012-08-01 18:00:00,55.5593564132941
2012-01-17 23:00:00,76.7697572164681
2011-10-11 12:00:00,244.866703129524
2012-06-17 15:00:00,477.2357878327176
2011-04-05 07:00:00,36.08808121352223
2012-12-02 23:00:00,0.0
2012-05-05 12:00:00,93.09245183020982
2011-04-19 22:00:00,124.49212200303771
2011-05-17 07:00:00,99.32968708394202
2012-05-02 15:00:00,25.636682698178276
2011-04-18 10:00:00,213.3058437739308
2011-10-15 23:00:00,48.493595887889114
2012-11-13 05:00:00,0.0
2012-01-11 10:00:00,91.910498050775
2011-08-09 15:00:00,301.5115231921683
2012-11-02 14:00:00,0.8654352364793567
2012-04-11 16:00:00,226.69824370200172
2011-04-08 13:00:00,207.7738521447663
2012-05-11 14:00:00,98.36358935850092
2012-02-11 15:00:00,257.77820527215454
2011-03-04 06:00:00,0.0
2012-11-07 10:00:00,451.10282895759633
2012-05-09 06:00:00,0.0
2011-09-16 14:00:00,312.8470680366032
2012-10-11 09:00:00,247.48086732111256
2012-10-05 05:00:00,54.27072240339902
2012-03-19 15:00:00,277.72261028056073
2011-06-08 16:00:00,106.88066569151835
2011-04-16 19:00:00,61.43744312130184
2012-11-14 11:00:00,162.49634497960653
2011-08-04 03:00:00,0.0
2012-04-05 15:00:00,283.5156599731828
2012-09-10 14:00:00,251.37461272411463
2012-02-05 01:00:00,0.0
2011-07-07 18:00:00,663.6142967701322
2011-07-05 21:00:00,92.12991238952691
2011-02-14 14:00:00,0.0
2012-12-02 22:00:00,0.0
2011-09-03 10:00:00,88.0157365453125
2011-12-07 08:00:00,400.18749876069796
2011-01-04 19:00:00,328.700567619564
2011-10-11 01:00:00,0.0
2012-07-14 13:00:00,134.8318923592759
2011-09-14 08:00:00,152.89307350614257
2011-11-07 14:00:00,205.6777127720369
2012-04-19 20:00:00,306.0482593947847
2011-10-06 14:00:00,218.79173863558543
2011-07-15 04:00:00,33.8516359645956
2011-08-06 16:00:00,680.0996899932285
2011-11-01 00:00:00,2.561039497475889
2012-09-09 07:00:00,104.0500097924346
2012-05-18 13:00:00,260.15965610657304
2012-12-16 22:00:00,152.8226794052593
2012-02-10 00:00:00,76.93485847759621
2011-01-10 19:00:00,265.36350423892463
2012-12-06 20:00:00,290.97657895192924
2011-12-02 20:00:00,0.0
2012-09-03 06:00:00,0.0
2011-05-15 04:00:00,0.0
2012-12-02 14:00:00,9.465866507249132
2011-09-16 01:00:00,15.087165689882056
2012-01-03 19:00:00,366.853990865582
2011-07-16 07:00:00,84.76237387898618
2011-03-11 04:00:00,31.243219002460023
2011-12-05 08:00:00,147.36057764515652
2011-01-17 21:00:00,0.0
2012-10-16 14:00:00,169.67150143485947
2012-07-05 12:00:00,160.27408298907602
2012-12-12 19:00:00,247.75135174798254
2012-11-08 16:00:00,139.9739348540113
2012-01-18 05:00:00,4.141969415873689
2011-11-12 16:00:00,173.96931467722425
2011-05-15 08:00:00,74.88946408131471
2012-05-04 02:00:00,3.9280409878039677
2011-05-08 07:00:00,155.12710694099627
2011-04-17 09:00:00,77.97451667175878
2011-07-12 19:00:00,149.2509626297383
2012-07-11 18:00:00,272.70289699418254
2012-07-15 20:00:00,134.98628562391093
2012-05-09 02:00:00,0.0
2012-11-12 08:00:00,144.7615549844079
2011-09-07 21:00:00,0.0
2011-07-12 11:00:00,0.0
2012-01-11 16:00:00,277.1476789228535
2011-03-17 00:00:00,106.07620124386966
2012-11-08 04:00:00,0.0
2012-02-01 23:00:00,37.41475507776096
2012-08-07 01:00:00,0.0
2012-03-16 11:00:00,191.25980233673585
2012-12-19 18:00:00,292.6232193375888
2012-08-19 20:00:00,123.07018681088232
2011-03-17 10:00:00,143.92994672318827
2012-04-03 19:00:00,67.65782467653474
2011-08-08 03:00:00,0.0
2011-04-12 16:00:00,344.5064361591044
2012-02-18 11:00:00,72.76929837101557
2012-09-08 10:00:00,463.4771333506243
2011-07-14 06:00:00,198.3876528225726
2012-01-17 09:00:00,75.14533571519053
2012-05-15 16:00:00,627.2740289281974
2011-12-15 12:00:00,276.9685627161582
2011-06-11 23:00:00,0.0
2012-06-02 22:00:00,73.09714895801022
2012-07-07 09:00:00,12.165763932739537
2011-11-19 20:00:00,170.76355954479067
2011-12-16 10:00:00,164.13669026874533
2012-10-16 05:00:00,62.69613273795221
2012-10-02 13:00:00,80.4998201784199
2012-06-06 08:00:00,178.40555970852392
2012-05-17 01:00:00,0.0
2012-12-19 03:00:00,0.0
2011-03-12 10:00:00,267.6884738448059
2011-10-01 21:00:00,64.52533255177875
2011-11-09 04:00:00,34.749695042155224
2012-06-19 20:00:00,327.1241881017453
2011-02-02 22:00:00,59.1550364009307
2011-11-05 14:00:00,250.33344602105353
2011-06-18 15:00:00,463.1301321517378
2011-05-06 10:00:00,116.71855179402951
2012-08-02 18:00:00,90.15700489710315
2012-07-15 12:00:00,467.05039545624584
2012-04-11 19:00:00,172.3599236628162
2011-02-08 06:00:00,120.72190122845507
2012-02-11 03:00:00,8.416105428268509
2011-05-14 14:00:00,276.03267467712584
2011-08-15 18:00:00,631.2364419729836
2011-06-08 17:00:00,112.5847455260855
2012-05-13 16:00:00,483.6798388802482
2011-01-15 15:00:00,206.3174438860475
2011-06-16 05:00:00,94.96669641510317
2012-10-17 22:00:00,61.36448891609194
2011-11-17 08:00:00,116.95405556363113
2011-07-17 16:00:00,483.8379434900984
2011-12-10 15:00:00,135.337907476795
2011-08-13 14:00:00,100.95127862705556
2012-09-06 04:00:00,17.638969922560477
2011-09-08 21:00:00,278.29103407799437
2011-10-02 04:00:00,0.0
2012-10-04 14:00:00,279.351881461801
2011-03-06 07:00:00,140.0667086923902
2012-12-11 17:00:00,381.68278739074765
2012-06-10 10:00:00,114.9324610566191
2011-11-16 15:00:00,124.864357273922
2011-04-06 04:00:00,33.253079095250456
2012-06-13 17:00:00,649.8496686732004
2011-08-05 12:00:00,500.80183435604874
2011-05-06 06:00:00,25.737957179177386
2012-06-12 08:00:00,134.90606999422084
2011-01-02 02:00:00,0.0
2012-09-13 02:00:00,0.0
2012-01-10 23:00:00,0.0
2011-06-10 14:00:00,290.0838379539066
2012-06-14 01:00:00,32.39196638389322
2012-02-01 05:00:00,0.0
2012-04-18 16:00:00,150.25599679751053
2012-08-09 17:00:00,190.76660909384736
2012-03-04 12:00:00,607.9037820525429
2011-01-10 02:00:00,23.487678167232502
2012-04-13 15:00:00,631.5802694927243
2011-09-03 13:00:00,46.45470838898734
2011-10-05 09:00:00,199.26913126391992
2012-04-04 06:00:00,78.63963663226292
2012-02-15 07:00:00,71.93173715712075
2012-09-01 04:00:00,0.05893048685828717
2011-03-03 19:00:00,84.21813448011449
2011-02-06 22:00:00,340.8033813309055
2012-10-01 06:00:00,66.2492184238414
2012-09-16 21:00:00,129.37511433099905
2012-01-17 00:00:00,9.377156104801259
2011-10-18 06:00:00,224.38285096714696
2012-10-19 09:00:00,121.24390661004873
2011-02-16 16:00:00,282.0812030624662
2011-07-04 22:00:00,77.81548157166324
2012-07-19 18:00:00,387.26835071319726
2011-10-03 22:00:00,0.0
2011-07-10 13:00:00,89.0480174718507
2012-06-11 03:00:00,12.76676329943382
2011-02-11 19:00:00,259.635065102597
2011-03-15 01:00:00,0.0
2012-10-02 01:00:00,0.0
2012-02-03 05:00:00,55.70715557741681
2011-01-06 02:00:00,0.0
2012-07-05 10:00:00,146.35149073426192
2011-01-14 05:00:00,0.0
2012-04-04 00:00:00,74.88202355217703
2011-10-13 22:00:00,198.94609778298388
2011-12-07 20:00:00,241.6111083176536
2012-11-02 22:00:00,22.808780110681482
2012-05-15 19:00:00,339.50659716295723
2011-11-12 17:00:00,173.87776558848668
2012-06-19 12:00:00,201.85213596534146
2012-08-10 20:00:00,188.80016524785538
2011-01-03 23:00:00,0.0
2012-07-19 14:00:00,676.6301653546797
2012-07-14 17:00:00,113.22953277679659
2011-04-06 19:00:00,357.05400311413655
2012-06-15 00:00:00,75.37281351403522
2012-06-13 11:00:00,204.55517980536206
2012-08-04 16:00:00,205.96309150846787
2012-05-14 10:00:00,0.0
2011-07-19 05:00:00,60.99941298675952
2012-11-11 19:00:00,259.1741360240387
2012-06-19 07:00:00,137.39615616443245
2012-02-05 14:00:00,199.1749018264183
2012-07-15 10:00:00,0.0
2012-09-07 08:00:00,159.7777917167487
2011-01-07 14:00:00,118.73284257217972
2012-12-03 16:00:00,272.54427008765794
2011-02-19 04:00:00,0.0
2011-12-12 21:00:00,125.02642339681404
2012-08-16 15:00:00,330.3065962946737
2011-12-18 06:00:00,113.21652336710679
2011-12-12 17:00:00,441.7369828093306
2011-01-02 18:00:00,199.55187642016313
2011-08-02 01:00:00,0.0
2012-07-18 16:00:00,307.4342398808027
2012-08-06 11:00:00,218.02862477303643
2012-10-06 22:00:00,72.71141232680247
2012-02-07 20:00:00,538.517260194115
2012-04-05 22:00:00,168.9312777376266
2011-09-08 08:00:00,457.0196300116651
2012-12-13 12:00:00,343.59259282218
2011-02-06 10:00:00,169.85554244405853
2012-04-11 20:00:00,112.72812282674522
2012-03-12 07:00:00,0.0
2012-03-12 03:00:00,0.0
2012-05-13 05:00:00,5.002509043521343
2012-11-04 02:00:00,133.09163877146204
2012-11-04 05:00:00,40.34747314181175
2012-03-06 14:00:00,131.81724420011795
2011-05-12 14:00:00,204.38098682253832
2012-02-08 12:00:00,0.0
2011-04-10 07:00:00,133.3537603270297
2012-04-13 03:00:00,7.544585028846029
2012-08-06 13:00:00,233.80722069567776
2011-11-04 20:00:00,446.97981106349573
2012-11-19 18:00:00,309.5894720117647
2012-07-14 22:00:00,93.89105394769342
2011-02-19 21:00:00,0.0
2011-12-12 12:00:00,137.7379417046709
2011-06-07 00:00:00,74.21770003979793
2012-07-02 16:00:00,436.19321638953363
2011-03-07 12:00:00,0.0
2011-06-07 10:00:00,138.4101130879078
2011-09-13 04:00:00,0.0
2012-10-05 00:00:00,107.48948194936901
2012-12-01 00:00:00,0.0
2011-04-18 22:00:00,172.19925962038832
2011-05-15 10:00:00,90.09190210234976
2011-09-06 04:00:00,37.950500322960494
2011-07-01 10:00:00,82.01006888423157
2012-09-17 19:00:00,306.04449988034384
2011-12-03 16:00:00,150.7626748280045
2012-02-13 22:00:00,57.67681172248095
2011-12-06 02:00:00,0.0
2012-07-16 23:00:00,0.0
2012-11-11 13:00:00,513.5928976619239
2011-04-13 20:00:00,306.22863614405406
2012-07-03 17:00:00,445.0442295846177
2011-07-07 07:00:00,201.87599068271095
2011-05-03 17:00:00,269.0194720459816
2012-04-19 19:00:00,524.1150512187513
2011-12-06 22:00:00,0.0
2011-10-11 11:00:00,174.51814934381287
2012-04-06 00:00:00,195.41664230301814
2011-06-12 18:00:00,145.9452011856631
2011-12-08 21:00:00,297.449004988155
2012-09-03 22:00:00,48.869957961312195
2012-04-05 08:00:00,175.09098634424504
2011-10-01 03:00:00,0.0
2011-04-09 17:00:00,156.61130258216593
2012-06-10 03:00:00,116.12345184703634
2012-04-17 09:00:00,378.1548615790856
2012-08-04 10:00:00,0.0
2011-08-10 18:00:00,283.7069573487794
2011-08-03 07:00:00,72.64647876849682
2012-09-19 05:00:00,68.71269856194465
2011-07-03 16:00:00,176.71136122004498
2012-04-02 11:00:00,84.11825904460494
2011-05-13 08:00:00,121.14119675026484
2011-09-14 21:00:00,361.43267165692305
2012-07-10 10:00:00,65.40552442882267
2012-11-17 03:00:00,0.0
2011-04-09 07:00:00,90.7165718373563
2012-07-06 08:00:00,257.10587193256606
2011-08-08 02:00:00,0.0
2012-03-07 15:00:00,673.8656546019917
2011-04-08 21:00:00,0.0
2011-03-04 17:00:00,423.48802511728434
2012-01-10 09:00:00,255.00053020407722
2011-05-08 17:00:00,676.7479328383032
2012-08-14 05:00:00,24.155259538206423
2012-05-12 12:00:00,207.67064007053705
2012-03-05 05:00:00,0.0
2012-02-18 09:00:00,115.17244124060562
2012-05-09 14:00:00,628.5771798193742
2012-07-12 20:00:00,113.40735286523397
2011-11-17 08:00:00,120.06045105543501
2011-07-02 01:00:00,70.70179253198927
2011-03-17 19:00:00,246.41124974317984
2011-12-09 22:00:00,0.0
2011-06-13 16:00:00,481.27414794145716
2011-02-19 14:00:00,0.0
2011-05-15 12:00:00,350.01460141814465
2012-04-15 15:00:00,29.055603378909552
2012-01-12 22:00:00,204.23113149290543
2011-04-08 12:00:00,0.0
2012-10-19 15:00:00,292.1326844369795
2011-06-13 13:00:00,272.2800830036073
2011-11-16 20:00:00,0.0
2012-12-14 21:00:00,0.0
2012-10-07 17:00:00,400.27781693284135
2011-03-01 15:00:00,101.61722225620343
2012-06-15 04:00:00,33.8537807706395
2011-09-02 10:00:00,69.73007932316293
2011-01-03 22:00:00,0.0
2011-11-02 06:00:00,53.208030486377226
2012-03-01 04:00:00,4.259314324136653
2011-01-03 01:00:00,0.0
2011-03-10 04:00:00,31.710590696279098
2011-02-09 15:00:00,293.7404944575424
2012-01-04 06:00:00,0.0
2012-05-14 17:00:00,383.16811786233336
2012-03-02 13:00:00,0.0
2012-05-10 00:00:00,89.64981399316105
2012-07-02 13:00:00,156.49464904113302
2012-05-13 18:00:00,374.4114846955705
2012-08-16 14:00:00,726.9772245506921
2012-09-02 23:00:00,26.660232077495266
2011-01-13 06:00:00,47.890212774296685
2011-10-10 09:00:00,212.42040041726239
2012-12-03 19:00:00,367.3853026065567
2011-04-15 15:00:00,169.82070314230532
2011-06-03 03:00:00,0.0
2011-01-15 03:00:00,0.0
2011-06-02 03:00:00,0.0
2012-04-05 04:00:00,36.528042499408656
2012-06-02 20:00:00,162.86942301150242
2012-10-03 16:00:00,82.45029412035467
2011-07-09 05:00:00,29.318742148981755
2012-12-14 05:00:00,53.54231660060327
2011-05-06 22:00:00,67.07640992826657
2011-03-01 14:00:00,0.0
2011-07-16 01:00:00,0.0
2011-12-03 09:00:00,128.15220024985035
2011-08-05 07:00:00,65.68754049211378
2012-09-11 08:00:00,455.42778596949256
2012-09-02 02:00:00,47.49966774164818
2011-02-10 16:00:00,289.5922513170879
2011-12-18 09:00:00,251.80546643762648
2012-04-08 20:00:00,0.0
2012-03-08 23:00:00,128.57233363238674
2012-03-19 08:00:00,269.71874606545714
2012-02-16 14:00:00,38.77306909863802
2011-06-08 10:00:00,147.08563018782672
2011-07-01 13:00:00,0.0
2012-11-14 19:00:00,202.8780921878731
2011-05-08 05:00:00,0.0
2012-10-16 16:00:00,352.1914605148412
2012-07-09 11:00:00,498.6622927178927
2011-06-11 07:00:00,283.4881565502948
2011-02-19 23:00:00,0.0
2011-04-04 09:00:00,186.6955860635328
2011-10-11 04:00:00,0.0
2012-10-16 21:00:00,0.0
2011-09-05 22:00:00,269.4524291738653
2012-02-02 01:00:00,0.0
2011-09-05 14:00:00,638.8063470972486
2011-11-09 11:00:00,0.0
2012-04-01 23:00:00,106.20403666358561
2011-06-18 07:00:00,227.76631300911004
2011-03-18 09:00:00,291.6933347193416
2012-12-09 12:00:00,65.60236366674394
2012-07-16 04:00:00,21.58835783417038
2012-05-05 13:00:00,0.0
2011-11-14 16:00:00,563.2794742023513
2011-11-06 08:00:00,177.17891731070523
2011-12-14 02:00:00,0.0
2011-10-07 20:00:00,302.87193294188353
2012-12-10 09:00:00,205.86837140228806
2011-01-04 07:00:00,0.0
2011-05-17 14:00:00,154.0355019661207
2012-03-01 20:00:00,121.42385223594857
2011-06-15 09:00:00,418.954273810219
2012-02-19 00:00:00,0.0
2012-10-06 09:00:00,82.56492518765464
2012-05-17 21:00:00,0.0
2012-03-14 09:00:00,417.08948088963564
2012-12-05 17:00:00,162.59617982894372
2011-08-13 08:00:00,108.03307260626383
2011-10-04 01:00:00,46.61290674907639
2011-05-05 01:00:00,0.0
2011-09-15 04:00:00,0.0
2012-12-05 01:00:00,3.06705672745494
2012-07-12 12:00:00,188.61207265576888
2012-10-11 14:00:00,266.8442858479328
2012-01-14 14:00:00,23.41042581177001
2011-07-07 13:00:00,189.72823149497174
2012-01-18 06:00:00,4.189700718050858
2011-08-19 18:00:00,385.231834736398
2012-04-14 20:00:00,39.97189584259053
2011-08-10 02:00:00,0.0
2011-01-07 22:00:00,226.08340583189852
2012-11-12 03:00:00,0.0
2012-08-02 16:00:00,60.25582756943717
2012-12-10 04:00:00,0.0
2011-10-13 07:00:00,69.33796657110253
2011-12-12 13:00:00,0.0
2011-05-18 17:00:00,296.03172524523
2012-06-19 15:00:00,277.2288860981944
2012-08-01 16:00:00,90.03689893556614
2011-07-09 00:00:00,48.86209292878425
2011-09-02 07:00:00,73.45398812625263
2012-12-10 18:00:00,515.8159763394908
2011-09-01 22:00:00,0.0
2011-11-11 02:00:00,0.0
2011-12-06 08:00:00,182.93980080255176
2012-09-08 07:00:00,348.17153467059813
2012-11-06 23:00:00,224.10291358195616
2012-10-11 06:00:00,315.5008771200512
2012-10-02 22:00:00,141.90088564297128
2012-04-11 10:00:00,219.40000035129754
2012-04-08 13:00:00,1.282160596975018
2011-07-01 22:00:00,58.17121167810902
2012-08-10 06:00:00,74.93683014183807
2011-12-14 08:00:00,115.59892854132801
2012-06-14 14:00:00,608.240749947369
2012-06-15 14:00:00,278.29164759464896
2011-01-08 00:00:00,74.28069988256254
2011-07-16 03:00:00,19.491160983738666
2012-02-07 23:00:00,138.99480634639326
2012-04-13 00:00:00,0.0
2012-12-05 19:00:00,137.13470424375697
2011-09-05 05:00:00,37.82221389914895
2011-06-01 19:00:00,69.47954407714224
2012-03-10 05:00:00,0.0
2012-07-17 18:00:00,792.0840822377601
2011-12-01 15:00:00,73.95053358806956
2012-01-04 01:00:00,0.0
2011-02-06 06:00:00,176.17860295896475
2012-10-12 03:00:00,0.0
2011-08-16 00:00:00,80.73674078374455
2012-12-19 01:00:00,0.0
2012-01-16 18:00:00,90.4004954040168
2012-01-09 13:00:00,106.40433350286838
2012-11-04 12:00:00,149.416444155014
2011-12-07 09:00:00,391.4418294326988
2011-08-02 14:00:00,213.59633638707186
2011-12-19 07:00:00,114.10450386025826
2011-10-03 16:00:00,71.41425310002847
2011-06-12 02:00:00,0.0
2011-12-08 05:00:00,67.45626546654984
2011-09-15 17:00:00,182.09729192900585
2011-04-01 16:00:00,137.4328106811472
2011-07-11 11:00:00,158.81356389171344
2011-05-07 00:00:00,81.73082558800326
2011-04-03 05:00:00,36.01980387272914
2012-01-09 11:00:00,112.66485417982062
2011-05-05 17:00:00,366.1441477129308
2012-10-06 10:00:00,393.70639584689286
2011-12-05 06:00:00,77.04757465609052
2012-03-03 20:00:00,173.35982181865393
2012-05-10 15:00:00,570.5276395665702
2011-08-15 19:00:00,346.4922024378569
2012-11-06 03:00:00,50.707074371293004
2012-06-17 13:00:00,119.50198061931883
2011-01-02 15:00:00,45.64302583345986
2012-01-12 01:00:00,178.25261251860366
2012-06-03 12:00:00,0.0
2011-04-08 23:00:00,135.44923717452764
2012-11-03 17:00:00,384.7021554097031
2012-10-10 09:00:00,271.83286763260526
2011-10-07 19:00:00,145.55983565292848
2012-06-03 18:00:00,200.16985087558595
2012-04-14 05:00:00,0.0
2012-02-11 17:00:00,374.1099138103971
2012-07-04 19:00:00,301.454606588284
2012-06-04 23:00:00,111.37874611940896
2012-10-07 08:00:00,157.77988700591362
2011-10-03 10:00:00,0.0
2012-05-08 19:00:00,189.2914405013812
2012-09-19 20:00:00,424.48026563579674
2012-03-10 04:00:00,0.0
2011-03-11 10:00:00,179.84322921820956
2011-10-02 11:00:00,0.0
2012-01-06 22:00:00,105.87532960390263
2011-02-15 01:00:00,0.0
2012-04-19 15:00:00,639.7918985077332
2012-05-18 07:00:00,113.97284052145153
2012-06-18 06:00:00,45.202726855643675
2011-06-14 18:00:00,369.86361461040883
2012-08-09 18:00:00,92.67003516099584
2012-03-06 00:00:00,25.497562619154024
2012-02-06 23:00:00,176.76138627756262
2012-09-15 22:00:00,96.07191211040242
2012-01-19 09:00:00,146.24435651967258
2011-01-14 16:00:00,78.06368293901173
2012-10-19 21:00:00,161.0323019648821
2012-05-18 10:00:00,505.43748684126433
2011-10-09 02:00:00,34.721943709772404
2012-11-19 15:00:00,256.36034735531746
2012-01-18 01:00:00,43.7969254166984
2012-12-13 10:00:00,166.60711452112957
2012-12-02 16:00:00,17.0054404066517
2012-04-09 00:00:00,127.88431041385502
2011-09-04 21:00:00,44.06418088882447
2011-04-03 13:00:00,352.16125596266363
2012-06-08 10:00:00,309.19806535176
2012-10-09 11:00:00,235.50076827644244
2012-08-07 21:00:00,226.2062822310931
2011-06-18 23:00:00,0.0
2012-02-18 10:00:00,64.5135056228848
2011-09-11 11:00:00,111.01209635449402
2011-02-14 08:00:00,90.31843096484755
2012-02-15 10:00:00,113.22176224676343
2012-06-06 15:00:00,315.06302196208276
2012-12-09 23:00:00,120.25068714469154
2012-05-13 15:00:00,127.90698882854338
2011-07-19 18:00:00,368.0605222350613
2012-06-14 18:00:00,648.5032267557649
2011-09-18 19:00:00,144.83542230080644
2011-07-15 08:00:00,275.17088664015114
2011-06-17 04:00:00,37.29004919910216
2011-01-01 02:00:00,34.55412618031431
2012-03-15 21:00:00,0.0
2011-09-19 01:00:00,91.30019522856841
2012-07-10 00:00:00,0.0
2011-02-05 11:00:00,150.85377281323008
2012-01-05 21:00:00,261.4076053972922
2012-10-11 12:00:00,274.57757135337624
2011-03-04 13:00:00,121.55362568886869
2011-10-02 14:00:00,0.0
2012-03-19 05:00:00,0.0
2011-01-15 04:00:00,0.0
2012-04-17 17:00:00,386.99762333338424
2011-07-01 07:00:00,81.8786734426252
2012-07-11 23:00:00,0.0
2011-06-18 10:00:00,85.3699259712372
2012-10-06 20:00:00,120.06640409515342
2012-09-09 15:00:00,162.71449612301296
2011-11-10 17:00:00,321.5851810695764
2012-04-15 12:00:00,122.21090212055321
2011-11-12 15:00:00,179.17580823170817
2011-09-19 12:00:00,206.06744152603727
2012-06-02 05:00:00,39.50937938831231
2012-04-15 02:00:00,79.43880084413567
2012-06-18 11:00:00,319.55905644208735
2012-02-07 06:00:00,86.5227579140435
2011-09-04 07:00:00,150.11478348439198
2012-03-09 23:00:00,197.25171674790704
2011-09-14 02:00:00,1.5800089616899982
2011-01-12 19:00:00,244.6085785731172
2011-12-05 00:00:00,0.0
2012-07-11 02:00:00,9.334214686107487
2012-10-10 23:00:00,103.19607075323586
2011-10-15 07:00:00,402.4113793250823
2011-10-07 00:00:00,7.525258244436003
2011-12-04 08:00:00,89.096036487118
2011-04-05 03:00:00,21.449994019664246
2011-10-18 05:00:00,0.0
2012-04-11 22:00:00,74.7610160989841
2011-08-18 10:00:00,248.23060374430577
2011-03-08 13:00:00,0.0
2011-12-05 21:00:00,199.2431507536121
2011-02-09 06:00:00,93.15652271541728
2012-08-13 21:00:00,276.8823954146627
2012-07-15 10:00:00,93.96876694224096
2011-03-04 17:00:00,322.5138892733647
2012-05-14 14:00:00,0.0
2012-12-19 11:00:00,182.6447592789276
2011-09-04 12:00:00,0.0
2012-07-10 21:00:00,261.6140413618182
2011-02-07 13:00:00,0.0
2012-12-16 03:00:00,126.4366441537403
2012-08-02 05:00:00,30.626221122129834
2011-01-13 10:00:00,76.40511898527743
2012-04-18 05:00:00,71.97475989746468
2012-05-02 12:00:00,31.985712002608466
2011-11-02 23:00:00,0.0
2011-06-12 11:00:00,66.76562869227479
2012-08-10 03:00:00,30.333447703538297
2012-02-03 22:00:00,77.05207761797155
2011-03-15 04:00:00,10.409995716304849
2012-04-13 01:00:00,33.20901632675634
2011-09-09 08:00:00,247.85962078905004
2011-03-12 01:00:00,83.7915891788166
2012-09-04 17:00:00,355.5642941032045
2012-08-12 22:00:00,128.62053808758878
2012-12-13 13:00:00,380.60622346405955
2012-12-16 19:00:00,343.15061974879427
2011-02-16 14:00:00,160.06889655392678
2011-10-11 10:00:00,150.4628634080267
2012-01-16 19:00:00,127.16227443949964
2012-09-09 05:00:00,0.0
2012-01-19 20:00:00,166.7792035690258
2011-12-10 19:00:00,159.88568019735453
2011-08-19 15:00:00,297.1348880398043
2011-01-18 13:00:00,29.013142238219075
2011-06-07 23:00:00,120.595381733809
2011-05-18 09:00:00,184.15772103312088
2012-01-06 21:00:00,190.54694436689704
2012-03-19 01:00:00,64.24566986255161
2011-12-03 20:00:00,154.36591243980615
2011-07-18 12:00:00,174.4104766063295
2011-10-11 01:00:00,11.673119196140078
2012-12-09 07:00:00,121.61369045721659
2012-01-05 16:00:00,350.6655601636269
2011-11-12 17:00:00,165.72938052219314
2011-11-03 20:00:00,139.12973134101833
2011-10-13 10:00:00,5.041903255386842
2012-05-07 19:00:00,348.96113619766754
2011-05-05 14:00:00,261.718014152568
2012-06-18 10:00:00,91.65203973132878
2011-02-03 18:00:00,370.34530480386627
2011-05-13 10:00:00,141.2454961833878
2011-02-11 08:00:00,137.57610871842422
2012-11-18 04:00:00,11.576577161010562
2011-02-17 13:00:00,520.6707791065126
2012-01-19 22:00:00,0.0
2012-05-16 13:00:00,37.0847358639831
2011-11-15 10:00:00,220.03806648548584
2012-11-05 01:00:00,36.78765080822552
2012-02-01 20:00:00,90.07217258775543
2012-09-11 09:00:00,169.39446679226103
2012-03-19 19:00:00,451.00942158873306
2011-03-12 08:00:00,267.19134810877244
2011-03-10 12:00:00,162.7895856700129
2012-11-11 18:00:00,487.3299960437081
2011-07-11 04:00:00,0.0
2011-08-01 14:00:00,13.932063502840322
2012-01-14 21:00:00,0.0
2011-11-14 20:00:00,315.2575066094224
2012-08-02 19:00:00,91.53769457226755
2012-02-18 01:00:00,67.11803080632481
2011-06-08 19:00:00,124.27309767860015
2011-04-12 11:00:00,299.4180404276339
2011-11-04 17:00:00,618.5168704000866
2012-08-11 09:00:00,268.02077089655893
2012-12-15 17:00:00,448.51525106142685
2011-06-15 21:00:00,272.1962451460174
2012-09-03 04:00:00,23.188857713937637
2012-03-05 09:00:00,124.53396558970769
2011-04-14 13:00:00,0.0
2012-01-10 19:00:00,327.9934354847595
2011-04-08 15:00:00,300.28203356085737
2012-02-14 09:00:00,190.0793217495808
2012-11-16 22:00:00,0.0
2011-01-04 21:00:00,140.87194801286307
2012-03-12 12:00:00,194.21995367741806
2012-05-15 20:00:00,237.34908753192292
2012-09-17 23:00:00,31.182532159977654
2011-06-18 17:00:00,338.2802899713297
2012-09-09 19:00:00,170.2128654123971
2011-11-14 06:00:00,95.52253626685604
2012-08-16 09:00:00,406.00506173233396
2011-04-08 19:00:00,338.89422790896333
2011-06-09 20:00:00,192.01362689868625
2012-12-04 15:00:00,223.34239539429393
2012-07-01 11:00:00,253.02069416520806
2011-10-03 12:00:00,0.0
2012-12-15 01:00:00,0.0
2011-07-12 12:00:00,49.310063502155174
2011-10-04 20:00:00,41.49171210230398
2011-02-14 06:00:00,37.24276349105668
2011-08-03 20:00:00,229.00953369124636
2011-09-13 14:00:00,259.2207638359837
2012-07-02 21:00:00,132.0852017129186
2012-05-14 04:00:00,24.162184715125534
2011-09-05 00:00:00,0.0
2011-10-01 06:00:00,28.23617860785066
2012-05-15 10:00:00,311.494060074476
2012-04-16 14:00:00,403.5173162358343
2012-01-15 14:00:00,13.065899322276664
2012-07-12 03:00:00,0.0
2012-09-05 18:00:00,315.8620187531219
2011-05-03 23:00:00,4.90475838891831
2011-09-17 15:00:00,350.3793671229269
2011-03-16 21:00:00,197.6688760811944
2011-11-15 20:00:00,0.0
2011-10-06 23:00:00,0.0
2012-01-13 16:00:00,135.22184745373738
2011-11-06 02:00:00,0.0
2012-10-19 12:00:00,209.5456132864524
2012-08-10 12:00:00,390.7940238905388
2011-06-11 12:00:00,0.0
2011-07-12 21:00:00,82.70447190087589
2012-08-10 00:00:00,0.0
2011-08-16 19:00:00,401.9967235375947
2012-11-17 15:00:00,224.6728039251675
2012-02-13 18:00:00,332.0429727907008
2011-10-12 23:00:00,57.9331379264473
2012-01-16 23:00:00,25.910162370535375
2012-10-11 00:00:00,0.0
2012-08-10 11:00:00,423.80441136723925
2011-08-16 15:00:00,323.3550199342063
2011-09-08 19:00:00,596.3823873078945
2012-10-05 18:00:00,360.8089266056736
2012-02-16 15:00:00,0.0
2012-04-12 22:00:00,179.15282078643224
2011-12-05 04:00:00,6.447130853987346
2012-07-07 05:00:00,15.334007032795569
2012-03-18 11:00:00,84.92504672243257
2012-01-07 16:00:00,10.729787334815796
2012-06-18 03:00:00,0.0
2012-10-07 23:00:00,0.0
2011-02-02 19:00:00,167.88539040503144
2011-07-12 18:00:00,183.2073113293187
2011-03-14 06:00:00,56.08012949208893
2011-09-18 15:00:00,177.3387169034209
2012-03-17 06:00:00,41.3052373817369
2012-06-10 08:00:00,192.76067239903193
2011-10-11 10:00:00,149.38154020982154
2011-08-06 01:00:00,0.0
2011-07-14 08:00:00,418.23697151487943
2011-01-08 10:00:00,133.18195443299197
2012-12-18 00:00:00,25.92505383965289
2012-09-02 14:00:00,106.86217615835625
2011-03-04 19:00:00,186.6275937390713
2011-03-06 01:00:00,141.17656904138755
2011-09-15 22:00:00,201.30670213009
2011-01-01 10:00:00,8.215914140693826
2011-03-13 21:00:00,0.6355607171807094
2012-05-03 13:00:00,57.78524973664304
2011-11-14 02:00:00,5.273195373139231
2011-02-09 07:00:00,127.1534539659661
2011-08-13 18:00:00,168.5222223512655
2011-10-14 07:00:00,0.0
2012-02-14 02:00:00,38.8268506192768
2011-05-05 08:00:00,154.9533172596673
2012-06-08 05:00:00,0.0
2012-06-09 00:00:00,60.23902184071068
2011-01-17 10:00:00,116.84966770130802
2012-07-04 17:00:00,335.6930282120777
2012-10-18 18:00:00,405.25626110610494
2011-05-11 14:00:00,239.63467286908298
2012-09-03 07:00:00,87.40378236781021
2012-04-08 12:00:00,11.414418018311949
2012-10-15 08:00:00,437.7347841496329
2011-07-09 09:00:00,98.8363552767405
2011-12-01 13:00:00,0.0
2011-10-13 16:00:00,318.8323486477897
2012-06-10 16:00:00,204.68211099835003
2011-09-09 03:00:00,0.0
2012-09-15 03:00:00,45.88557799050511
2012-07-04 07:00:00,7.229317932276416
2012-02-04 04:00:00,21.674925823216967
2012-01-06 11:00:00,176.12924137644893
2012-11-12 22:00:00,102.96011995261392
2012-04-11 03:00:00,0.0
2012-04-19 22:00:00,0.0
2011-08-14 19:00:00,254.00786873730408
2011-12-11 03:00:00,0.0
2011-09-15 14:00:00,224.24058402918
2012-01-07 13:00:00,0.0
2011-11-11 22:00:00,0.0
2012-12-11 08:00:00,97.68256441236986
2012-06-12 19:00:00,229.58963005134342
2012-07-15 18:00:00,116.6231535318505
2012-05-05 08:00:00,266.18049901375923
2012-04-06 15:00:00,662.6462465378354
2012-01-13 04:00:00,70.565670474694
2012-05-12 13:00:00,233.36562219452537
2011-11-06 01:00:00,0.0
2012-12-04 03:00:00,62.84325449122571
2012-10-09 21:00:00,389.8248398866351
2011-05-18 07:00:00,128.04740547145383
2012-02-03 21:00:00,0.0
2012-01-16 15:00:00,134.48514558332135
2011-12-08 13:00:00,720.4455674431209
2012-05-14 13:00:00,460.6216862821726
2011-11-16 20:00:00,144.06481034921467
2012-01-16 04:00:00,0.0
2012-02-17 05:00:00,22.90468255382808
2012-08-01 17:00:00,246.78205831787113
2011-08-14 03:00:00,48.64784028836817
2012-04-19 09:00:00,289.15709716984395
2012-07-17 02:00:00,0.404965079697547
2011-11-11 19:00:00,168.23019280886479
2011-09-17 17:00:00,164.12260768285074
2011-05-12 03:00:00,0.0
2012-01-02 11:00:00,370.1317009656477
2011-05-07 09:00:00,185.9296892021814
2012-06-11 01:00:00,17.41874406650237
2012-12-09 16:00:00,386.06566095644723
2012-03-14 07:00:00,192.53521118251047
2011-12-07 19:00:00,518.7650711935443
2011-05-15 05:00:00,0.0
2012-06-16 17:00:00,158.43040145890103
2011-03-04 01:00:00,0.0
2011-11-09 14:00:00,132.05039005847198
2012-06-05 18:00:00,305.69744210806243
2011-02-10 14:00:00,279.5783088040075
2011-01-06 17:00:00,330.83974121064534
2012-08-18 04:00:00,24.797343449762025
2012-12-01 22:00:00,195.03374385864834
2011-02-09 02:00:00,14.78546200163646
2012-06-04 00:00:00,65.38591701968579
2011-04-05 08:00:00,41.069275171790366
2011-03-14 07:00:00,79.24807344533812
2011-10-19 08:00:00,303.7397293787459
2011-04-15 19:00:00,197.09258758867537
2012-08-03 13:00:00,156.348376415624
2012-07-08 02:00:00,20.162746143778406
2011-04-04 03:00:00,0.0
2012-02-12 21:00:00,169.07287560670488
2012-08-05 03:00:00,58.829312725822405
2012-02-06 02:00:00,0.0
2011-07-13 08:00:00,377.4779692495198
2012-11-09 08:00:00,162.50717215132522
2012-07-09 00:00:00,61.14239099527623
2011-11-13 17:00:00,179.22394294979028
2011-02-03 03:00:00,0.0
2011-03-02 13:00:00,45.85281839538743
2012-03-13 23:00:00,111.36751272164776
2011-03-05 16:00:00,324.7191182658123
2011-10-13 04:00:00,39.081801492749264
2011-06-09 05:00:00,0.0
2012-06-13 09:00:00,205.36659421368608
2011-07-03 21:00:00,103.5476653927218
2011-01-08 07:00:00,263.8242749551417
2012-10-05 21:00:00,375.15418327889336
2011-02-17 06:00:00,68.68648483730624
2011-08-15 21:00:00,0.0
2011-02-15 00:00:00,70.88004340735529
2012-02-01 22:00:00,0.0
2012-12-16 01:00:00,83.95995637150497
2012-04-05 07:00:00,150.31724233261184
2012-09-02 04:00:00,14.424454939354519
2011-10-09 04:00:00,0.0
2011-09-17 12:00:00,153.3122530184359
2012-11-19 11:00:00,163.81689460871712
2011-05-16 16:00:00,375.9438933765638
2012-03-05 23:00:00,122.66411126739712
2011-03-03 22:00:00,27.011532167701063
2011-03-17 20:00:00,205.6659302586554
2011-08-13 20:00:00,0.0
2012-04-02 14:00:00,0.0
2011-11-09 13:00:00,0.0
2011-02-06 18:00:00,710.1077506536878
2011-09-12 17:00:00,248.24665289286492
2011-03-01 22:00:00,106.46119525081895
2011-06-03 10:00:00,68.33543703098417
2011-12-07 21:00:00,269.8127145385471
2011-08-13 22:00:00,132.8605297176121
2011-06-17 00:00:00,137.58298070161936
2011-10-15 20:00:00,205.35321963646857
2011-10-05 13:00:00,231.60925924810425
2012-05-02 23:00:00,63.54461666149689
2011-06-16 11:00:00,198.91657924777383
2011-06-19 01:00:00,7.673607443515124
2012-04-15 01:00:00,108.40069618801778
2011-04-02 15:00:00,264.5066048573683
2012-10-01 04:00:00,13.522299196688266
2012-04-12 03:00:00,0.0
2011-01-09 19:00:00,381.34703616114086
2011-09-11 22:00:00,119.64391655365444
2012-10-10 00:00:00,41.01892942210287
2012-12-10 22:00:00,179.16925971124624
2011-02-07 21:00:00,0.0
2011-08-06 23:00:00,133.45730430082028
2011-09-03 16:00:00,237.68583199173543
2012-11-02 01:00:00,2.176943264393401
2011-05-02 17:00:00,17.41661650872703
2011-03-01 00:00:00,0.05713217821858052
2011-11-08 13:00:00,710.4765356129502
2011-12-13 14:00:00,228.96708798801228
2011-12-19 19:00:00,258.9746290088375
2011-01-03 03:00:00,0.0
2012-08-16 06:00:00,82.34961870368815
2012-10-14 02:00:00,129.05185108154177
2011-04-05 09:00:00,9.975284008036056
2012-09-09 21:00:00,114.90966378161187
2012-09-05 16:00:00,603.3194144936344
2011-06-08 00:00:00,53.40409090550423
2011-08-09 06:00:00,24.95767944146519
2011-09-17 04:00:00,11.368022445692759
2011-02-02 20:00:00,129.50248940102563
2011-08-12 13:00:00,247.8718958811968
2012-12-04 11:00:00,166.93863752516586
2012-06-01 03:00:00,0.0
2011-11-13 18:00:00,154.2605541762465
2012-12-04 16:00:00,309.3848415353132
2011-05-13 23:00:00,35.850542852033556
2011-02-01 04:00:00,13.980114458709465
2012-11-01 21:00:00,90.0864836126417
2012-02-10 01:00:00,25.870107659578366
2012-03-08 19:00:00,567.7754704809588
2012-09-15 18:00:00,169.03594017236549
2011-12-05 20:00:00,168.49033841389144
2011-04-19 11:00:00,169.31713055266903
2012-11-03 07:00:00,184.0172373043556
2012-07-11 22:00:00,0.0
2011-11-05 21:00:00,221.86161908699324
2011-03-17 18:00:00,241.76134767595414
2011-11-02 20:00:00,0.0
2011-09-02 16:00:00,100.87294321130457
2012-07-10 20:00:00,184.65977929880802
2011-09-01 13:00:00,13.513838144779442
2011-04-13 15:00:00,336.9892951816561
2011-06-13 12:00:00,225.6085530094917
2012-07-06 20:00:00,328.74819172820196
2012-05-01 21:00:00,165.3666626934022
2012-05-09 10:00:00,195.90581220905233
2012-05-15 15:00:00,283.58370596880434
2011-08-17 01:00:00,36.87309638143722
2012-03-08 03:00:00,11.188962061761174
2012-05-19 19:00:00,159.03882510699185
2011-02-01 02:00:00,37.74151714723229
2012-01-16 22:00:00,0.0
2012-01-09 10:00:00,103.73104955636558
2011-06-16 18:00:00,461.60578307594517
2012-10-10 13:00:00,175.8678812340139
2011-01-13 18:00:00,136.6390565179188
2011-10-02 08:00:00,231.82536548150756
2011-10-05 02:00:00,11.423026178280793
2011-12-07 07:00:00,109.21810486402774
2012-04-15 20:00:00,45.91170887180823
2011-02-07 22:00:00,78.74214475897418
2012-04-07 11:00:00,705.882428056627
2011-09-08 02:00:00,0.0
2012-09-10 13:00:00,356.0764732247361
2012-11-17 20:00:00,67.38583278693892
2012-06-09 05:00:00,62.56491097213012
2011-06-13 04:00:00,0.0
2012-05-09 01:00:00,31.330278072107205
2011-08-07 13:00:00,205.10011883807738
2012-04-10 19:00:00,401.3142613733896
2011-02-10 06:00:00,201.34016375542706
2011-06-18 06:00:00,47.152464854479234
2011-11-19 23:00:00,102.10397354866308
2012-09-04 02:00:00,153.70906842822427
2012-07-01 04:00:00,0.0
2012-01-05 06:00:00,82.19632301656134
2011-03-19 12:00:00,86.70408120439632
2011-06-04 04:00:00,2.140941551263353
2012-07-11 12:00:00,256.1072804876145
2012-06-19 08:00:00,163.9766429015549
2011-10-03 05:00:00,0.0
2012-12-03 21:00:00,184.01746584371926
2012-04-16 03:00:00,0.0
2012-12-17 06:00:00,74.47515112529271
2011-12-16 18:00:00,275.5954359552783
2011-10-16 14:00:00,233.7643042879398
2012-12-09 22:00:00,182.48825728929535
2012-03-15 17:00:00,337.7327939346256
2011-07-04 07:00:00,140.31787666022524
2011-11-11 08:00:00,43.06687069383588
2011-09-08 10:00:00,198.55837829517003
2012-09-07 20:00:00,344.75822811359615
2011-03-06 09:00:00,443.57086531356833
2011-12-01 18:00:00,150.80215058120746
2011-01-14 00:00:00,0.0
2011-08-14 14:00:00,431.0008616645953
2012-08-05 11:00:00,126.5024613129853
2011-09-11 11:00:00,184.35173923466232
2012-03-12 21:00:00,0.0
2012-10-08 06:00:00,82.2113906679416
2012-01-08 01:00:00,30.207723638258244
2012-09-06 13:00:00,0.0
2011-09-14 22:00:00,196.3431028118825
2012-04-07 13:00:00,406.68017858934866
2012-01-11 12:00:00,189.00731996181815
2012-01-10 17:00:00,511.9574651407851
2012-02-14 20:00:00,159.22845177147684
2012-01-13 16:00:00,259.6075536244314
2011-05-08 16:00:00,687.9966324908329
2012-05-16 06:00:00,105.74857608241666
2012-05-04 20:00:00,103.64365500779263
2011-10-10 01:00:00,0.0
2011-07-03 17:00:00,191.4071150091122
2012-02-09 12:00:00,0.0
2011-08-07 04:00:00,27.684465415759348
2012-06-15 09:00:00,195.36739864720596
2011-12-01 07:00:00,74.99245975700268
2012-08-14 23:00:00,237.96329937517442
2012-12-13 17:00:00,255.1137706206656
2011-12-14 09:00:00,341.0928049970189
2012-11-03 21:00:00,49.33168677547701
2011-06-12 09:00:00,148.7226340746846
2012-10-19 23:00:00,99.03369323124093
2011-09-18 09:00:00,232.25780824190474
2012-08-04 22:00:00,198.58448807916596
2012-04-01 21:00:00,43.98736729127427
2011-09-15 11:00:00,477.13716870814324
2012-05-15 13:00:00,0.0
2012-12-18 22:00:00,124.63934428046912
2012-06-19 23:00:00,139.03292457092687
2011-05-07 12:00:00,207.71642146344817
2012-07-08 09:00:00,192.76161062326327
2012-11-19 22:00:00,0.0
2012-09-16 16:00:00,425.2544374464435
2011-12-14 16:00:00,260.9987507849657
2011-01-04 22:00:00,194.58303134009464
2012-02-03 02:00:00,0.0
2011-04-16 23:00:00,0.0
2012-07-09 21:00:00,0.0
2012-09-07 23:00:00,234.83668349439313
2011-10-12 00:00:00,0.0
2011-10-01 03:00:00,58.123087617383675
2011-10-13 19:00:00,416.2249119335048
2012-05-01 14:00:00,0.0
2011-02-08 01:00:00,0.0
2011-03-16 12:00:00,358.56214597874555
2011-04-06 23:00:00,146.7646348918198
2012-11-15 08:00:00,137.31222723974133
2011-10-18 01:00:00,14.742734446982695
2012-03-10 03:00:00,0.0
2012-12-14 06:00:00,0.0
2011-09-14 19:00:00,343.9820898298166
2012-08-07 09:00:00,0.0
2011-02-03 19:00:00,197.77060513308152
2012-08-19 14:00:00,357.66792823882133
2011-03-16 08:00:00,211.02031360652586
2011-06-12 07:00:00,120.764226728768
2011-05-01 20:00:00,103.79661053325464
2011-11-11 21:00:00,107.98052003504796
2012-11-14 12:00:00,155.11948575445064
2012-03-12 11:00:00,89.07204771982026
2012-03-19 18:00:00,356.77476260906735
2011-10-19 15:00:00,118.65666215385511
2012-09-15 06:00:00,43.68617504428693
2011-05-04 12:00:00,66.03200368556611
2011-05-10 22:00:00,180.37896066830888
2011-03-14 22:00:00,80.1283124674863
2012-05-17 17:00:00,394.41197578062565
2012-03-16 20:00:00,335.07765318211955
2012-07-06 11:00:00,103.55851772113806
2011-07-09 22:00:00,0.0
2011-08-01 22:00:00,0.0
2011-04-17 03:00:00,0.0
2012-05-18 05:00:00,46.21671648108037
2011-12-17 03:00:00,56.253696641917315
2012-01-10 07:00:00,144.06392413996116
2012-02-12 15:00:00,325.0294753676555
2011-12-19 09:00:00,30.931294130396736
2012-07-01 00:00:00,90.55172032185592
2012-12-16 14:00:00,380.9061308166698
2012-06-10 22:00:00,157.5487949571455
2011-02-13 13:00:00,0.0
2011-08-11 06:00:00,178.77438092182132
2011-06-19 17:00:00,142.47799622602105
2012-01-10 07:00:00,139.94086560683854
2011-07-08 20:00:00,223.67981417932748
2011-10-11 23:00:00,0.0
2011-03-07 18:00:00,228.7262975531371
2012-05-19 16:00:00,151.289480100069
2012-11-17 12:00:00,414.25881597291743
2012-07-09 22:00:00,288.59357355378586
2012-04-16 01:00:00,89.4325553332634
2012-12-17 10:00:00,0.0
2012-03-08 13:00:00,213.35015336890672
2012-04-02 12:00:00,47.36842092216915
2012-01-16 04:00:00,0.0
2011-10-08 03:00:00,0.0
2011-05-12 00:00:00,0.0
2012-01-02 19:00:00,297.86664099166245
2011-08-02 16:00:00,125.76276531471859
2012-06-10 00:00:00,167.13879584228084
2011-12-17 23:00:00,197.93651404201688
2012-05-08 14:00:00,449.3032113734107
2012-06-17 07:00:00,102.52832369951545
2011-05-07 17:00:00,691.1220652432877
2011-08-06 08:00:00,141.56914342254902
2011-10-11 05:00:00,43.07113814716939
2012-06-13 14:00:00,266.95433290518724
2012-04-08 15:00:00,46.297452293292736
2012-05-09 17:00:00,343.79866054714876
2011-03-06 11:00:00,220.89515292349034
2011-12-09 00:00:00,72.78891266160036
2012-10-08 17:00:00,653.9037845730846
2011-03-07 20:00:00,0.0
2012-04-19 08:00:00,276.6822437141477
2012-12-07 07:00:00,137.3294776090666
2012-05-03 00:00:00,4.730706842733412
2012-09-14 20:00:00,329.1732917114447
2012-05-01 04:00:00,3.689062231321259
2012-02-04 17:00:00,573.5977140229334
2011-11-04 04:00:00,14.196368703854034
2012-04-09 10:00:00,376.20335700234864
2012-08-13 14:00:00,277.7542475236369
2012-01-15 15:00:00,15.179890610837617
2011-10-16 10:00:00,203.42103733800093
2012-12-17 13:00:00,140.33198064659706
2011-02-01 17:00:00,50.576879097035004
2012-10-10 01:00:00,0.0
2012-09-13 07:00:00,120.17126112309359
2012-03-06 16:00:00,217.2629866065555
2012-07-12 18:00:00,463.74974777710713
2012-06-04 19:00:00,426.59083952932974
2011-12-11 15:00:00,211.86023621852638
2011-06-10 04:00:00,28.777422501095884
2012-09-10 23:00:00,96.63659306855033
2012-12-04 17:00:00,345.4037419247077
2011-04-15 13:00:00,270.297674116714
2011-10-09 03:00:00,59.541387202212945
2012-04-17 14:00:00,285.6233314253361
2012-07-18 07:00:00,116.42519993047392
2011-08-03 16:00:00,192.0346525636586
2012-03-01 07:00:00,67.98547734449681
2012-02-10 23:00:00,119.18302065165074
2011-01-15 07:00:00,0.0
2012-10-02 11:00:00,0.0
2011-03-17 10:00:00,146.95835053338408
2011-11-01 17:00:00,79.98143255829171
2011-03-04 08:00:00,122.4754762149995
2011-08-09 04:00:00,15.019459115793154
2012-02-02 17:00:00,325.14532764830517
2011-11-10 03:00:00,17.6250719440294
2011-06-08 20:00:00,96.31039158111764
2011-05-02 00:00:00,0.0
2012-09-06 10:00:00,127.01752238293022
2011-07-18 13:00:00,0.0
2011-04-15 21:00:00,14.455968696694697
2011-05-14 13:00:00,0.0
2011-11-05 20:00:00,268.93989277150405
2011-11-13 03:00:00,48.03620465514973
2012-07-10 14:00:00,315.1935178388476
2012-04-14 09:00:00,82.90493677891794
2012-01-17 19:00:00,223.00336589929077
2011-01-08 11:00:00,284.0164180484726
2011-11-02 12:00:00,0.0
2012-02-08 05:00:00,0.0
2011-10-12 02:00:00,0.0
2011-05-01 19:00:00,119.04746493436426
2011-01-06 10:00:00,182.79780319321435
2011-04-18 15:00:00,581.78802715427
2011-03-15 22:00:00,155.0733444470829
2012-12-06 15:00:00,15.721666710138436
2011-04-04 00:00:00,57.83022891566807
2011-08-02 03:00:00,4.856360692253816
2012-06-14 15:00:00,291.3898720756995
2011-07-14 10:00:00,222.91988225329243
2011-02-16 09:00:00,164.19440432831044
2012-12-07 18:00:00,659.8926272829699
2012-08-09 00:00:00,0.0
2011-09-11 04:00:00,0.0
2011-09-18 20:00:00,10.105786562064566
2012-03-10 20:00:00,402.5646917595234
2011-11-04 10:00:00,156.48493896071852
2012-03-17 04:00:00,17.43342091588056
2012-12-07 03:00:00,11.148033023491763
2012-10-12 10:00:00,139.959864499555
2011-10-11 19:00:00,301.05167962053
2012-08-09 03:00:00,37.26884373882115
2011-08-09 03:00:00,0.0
2011-06-15 15:00:00,626.3942736773013
2011-04-06 13:00:00,557.2388626835237
2011-06-05 12:00:00,196.26093864928578
2011-10-16 09:00:00,176.18930358706092
2011-06-18 11:00:00,0.0
2011-05-15 13:00:00,68.3033020599039
2012-05-01 11:00:00,25.39285550454835
2011-05-08 03:00:00,12.95651296150271
2012-05-12 10:00:00,315.85625757844434
2012-02-03 20:00:00,141.0237837718061
2012-09-11 17:00:00,312.9433556261947
2011-03-15 02:00:00,0.0
2012-07-06 21:00:00,0.0
2012-09-06 22:00:00,207.81830032719353
2011-01-04 12:00:00,312.8477399937022
2012-06-17 02:00:00,0.0
2012-03-18 11:00:00,88.96590790193704
2011-03-01 07:00:00,80.73022039194393
2012-03-06 22:00:00,199.49879744303053
2011-04-05 11:00:00,0.0
2012-03-06 10:00:00,139.16035178249268
2011-10-07 05:00:00,9.929669488332081
2011-12-04 02:00:00,0.0
2012-01-08 00:00:00,73.37515542648646
2012-03-04 02:00:00,13.981505928293274
2011-03-05 08:00:00,185.31488726310351
2011-05-17 13:00:00,82.41650497663105
2011-11-19 01:00:00,6.659653046896551
2011-02-14 11:00:00,156.21248799582435
2011-05-06 16:00:00,410.7185686190297
2011-01-11 06:00:00,89.8288048752313
2011-09-06 02:00:00,14.104859399483303
2012-04-01 18:00:00,136.2430708479651
2011-09-05 05:00:00,37.40611231691926
2012-06-11 04:00:00,26.488501677295005
2012-04-12 07:00:00,137.3568962840252
2012-12-01 21:00:00,0.0
2012-04-18 14:00:00,297.3736142252007
2012-12-12 22:00:00,0.0
2012-01-08 14:00:00,247.71406376362006
2012-08-06 20:00:00,334.10181949398236
2011-05-09 05:00:00,39.97549983539841
2012-12-03 15:00:00,267.02551183969723
2011-11-11 03:00:00,0.0
2012-02-16 00:00:00,94.85903235117934
2012-11-12 00:00:00,0.0
2011-06-05 11:00:00,198.73373228910793
2012-08-18 09:00:00,201.0754256174115
2012-09-13 09:00:00,194.51787195883156
2012-09-16 05:00:00,4.469297551569923
2012-03-01 18:00:00,144.93299605624173
2011-03-04 10:00:00,93.05653477857652
2011-10-19 17:00:00,281.02192241684963
2011-07-08 11:00:00,0.0
2011-09-12 02:00:00,0.0
2011-09-15 02:00:00,14.540065607159136
2012-09-15 23:00:00,68.5745684633902
2011-07-03 15:00:00,141.05612599450978
2011-11-16 15:00:00,126.59319195375548
2012-02-02 11:00:00,68.03427389109459
2011-09-10 09:00:00,296.5259837725551
2012-07-11 05:00:00,0.0
2011-12-16 05:00:00,0.0
2011-01-14 23:00:00,11.564349544993377
2011-02-19 09:00:00,88.66350314164038
2012-03-17 05:00:00,27.3565050941221
